geo_level_3_id,freq,pct
633,651,0.24980717648819462
9133,647,0.24827226296138544
621,530,0.2033760423022168
11246,470,0.18035233940007905
2005,466,0.17881742587326988
11440,455,0.17459641367454462
7723,443,0.16999167309411706
9229,381,0.1462005134285747
2452,349,0.13392120521410125
12258,312,0.1197232550911163
8236,303,0.11626969965579563
10445,302,0.11588597127409335
6626,283,0.10859513202174972
2170,283,0.10859513202174972
2537,259,0.09938565086089463
85,252,0.09669955218897855
406,251,0.09631582380727625
6973,248,0.09516463866216937
7868,247,0.09478091028046708
3904,241,0.0924785399902533
10221,237,0.09094362646344412
1851,236,0.09055989808174182
10795,236,0.09055989808174182
11319,230,0.08825752779152804
10728,228,0.08749007102812345
11015,225,0.08633888588301657
9897,223,0.08557142911961198
5839,218,0.08365278721110049
1320,212,0.08135041692088672
9272,212,0.08135041692088672
2386,209,0.08019923177577984
7679,207,0.07943177501237524
3233,204,0.07828058986726835
6023,204,0.07828058986726835
10236,203,0.07789686148556606
2937,202,0.07751313310386376
4194,197,0.07559449119535228
2557,196,0.07521076281364998
913,195,0.07482703443194769
5318,195,0.07482703443194769
4355,192,0.0736758492868408
333,188,0.07214093576003162
2917,186,0.07137347899662703
7472,185,0.07098975061492473
5265,184,0.07060602223322243
1757,183,0.07022229385152014
12157,181,0.06945483708811555
11882,178,0.06830365194300866
3006,177,0.06791992356130637
9779,176,0.06753619517960407
3073,172,0.06600128165279488
9414,172,0.06600128165279488
1548,172,0.06600128165279488
8916,171,0.06561755327109259
6645,169,0.064850096507688
4063,169,0.064850096507688
10220,168,0.0644663681259857
10576,168,0.0644663681259857
7922,167,0.06408263974428341
11008,166,0.06369891136258111
4692,165,0.06331518298087882
2685,165,0.06331518298087882
10624,160,0.06139654107236733
7126,159,0.06101281269066504
3795,159,0.06101281269066504
6152,158,0.060629084308962744
5570,157,0.06024535592726044
2803,157,0.06024535592726044
1672,157,0.06024535592726044
9865,156,0.05986162754555815
2513,155,0.05947789916385586
8482,155,0.05947789916385586
2687,155,0.05947789916385586
2295,154,0.059094170782153566
3786,152,0.05832671401874897
5901,150,0.05755925725534438
8759,149,0.05717552887364208
171,148,0.056791800491939784
8564,147,0.05640807211023749
1658,146,0.05602434372853519
2486,146,0.05602434372853519
10110,145,0.05564061534683289
4262,144,0.055256886965130605
2607,143,0.05487315858342831
4391,143,0.05487315858342831
10459,143,0.05487315858342831
606,142,0.054489430201726016
11621,142,0.054489430201726016
1763,142,0.054489430201726016
3656,141,0.054105701820023715
6721,141,0.054105701820023715
12327,139,0.053338245056619125
1938,139,0.053338245056619125
6799,139,0.053338245056619125
65,139,0.053338245056619125
12181,139,0.053338245056619125
8973,136,0.052187059911512235
2913,136,0.052187059911512235
4316,136,0.052187059911512235
9497,136,0.052187059911512235
11288,135,0.05180333152980993
10036,135,0.05180333152980993
11392,134,0.05141960314810764
8624,134,0.05141960314810764
11271,134,0.05141960314810764
9059,133,0.051035874766405344
6175,132,0.050652146384703056
11785,132,0.050652146384703056
20,132,0.050652146384703056
5906,132,0.050652146384703056
10720,131,0.05026841800300076
2767,131,0.05026841800300076
10199,131,0.05026841800300076
294,130,0.04988468962129846
4435,130,0.04988468962129846
7021,129,0.049500961239596165
1841,129,0.049500961239596165
5011,129,0.049500961239596165
10252,129,0.049500961239596165
5181,129,0.049500961239596165
12323,129,0.049500961239596165
10505,129,0.049500961239596165
3306,129,0.049500961239596165
8864,128,0.04911723285789387
4283,127,0.04873350447619157
4900,127,0.04873350447619157
4322,127,0.04873350447619157
3485,126,0.048349776094489275
7819,126,0.048349776094489275
6663,126,0.048349776094489275
1563,126,0.048349776094489275
985,125,0.04796604771278698
5581,125,0.04796604771278698
11945,125,0.04796604771278698
11213,125,0.04796604771278698
3671,125,0.04796604771278698
2679,124,0.047582319331084685
2390,123,0.04719859094938239
8495,123,0.04719859094938239
1903,122,0.046814862567680096
4605,122,0.046814862567680096
1488,122,0.046814862567680096
8048,121,0.046431134185977795
5036,121,0.046431134185977795
11562,121,0.046431134185977795
9708,121,0.046431134185977795
1128,120,0.0460474058042755
7251,120,0.0460474058042755
5957,120,0.0460474058042755
1287,119,0.045663677422573205
4570,119,0.045663677422573205
11846,119,0.045663677422573205
4339,119,0.045663677422573205
6114,119,0.045663677422573205
11109,118,0.04527994904087091
8555,118,0.04527994904087091
12035,118,0.04527994904087091
1265,118,0.04527994904087091
2763,117,0.044896220659168616
2755,117,0.044896220659168616
6073,117,0.044896220659168616
7388,117,0.044896220659168616
1743,117,0.044896220659168616
925,117,0.044896220659168616
7055,117,0.044896220659168616
12101,116,0.04451249227746632
6167,116,0.04451249227746632
7246,116,0.04451249227746632
5506,116,0.04451249227746632
926,116,0.04451249227746632
4278,116,0.04451249227746632
9339,115,0.04412876389576402
6577,115,0.04412876389576402
95,115,0.04412876389576402
9386,115,0.04412876389576402
5016,115,0.04412876389576402
3095,114,0.043745035514061725
2343,114,0.043745035514061725
10852,113,0.04336130713235943
3909,113,0.04336130713235943
5304,113,0.04336130713235943
1452,113,0.04336130713235943
446,113,0.04336130713235943
6629,112,0.042977578750657136
4369,112,0.042977578750657136
10502,112,0.042977578750657136
9925,112,0.042977578750657136
2076,112,0.042977578750657136
4522,112,0.042977578750657136
3321,112,0.042977578750657136
7618,111,0.04259385036895484
6609,111,0.04259385036895484
10811,111,0.04259385036895484
12093,111,0.04259385036895484
3679,110,0.04221012198725255
6876,110,0.04221012198725255
3697,110,0.04221012198725255
11911,110,0.04221012198725255
9652,109,0.041826393605550245
9780,109,0.041826393605550245
7851,108,0.04144266522384795
5122,108,0.04144266522384795
4982,107,0.041058936842145656
6460,107,0.041058936842145656
47,107,0.041058936842145656
10384,107,0.041058936842145656
1359,107,0.041058936842145656
994,107,0.041058936842145656
11652,107,0.041058936842145656
2788,107,0.041058936842145656
9266,106,0.04067520846044336
2491,106,0.04067520846044336
8909,106,0.04067520846044336
4424,106,0.04067520846044336
1782,106,0.04067520846044336
12491,105,0.04029148007874107
2608,105,0.04029148007874107
4377,105,0.04029148007874107
2791,105,0.04029148007874107
9536,105,0.04029148007874107
6436,105,0.04029148007874107
5024,105,0.04029148007874107
3396,105,0.04029148007874107
4849,105,0.04029148007874107
8505,104,0.039907751697038765
1666,104,0.039907751697038765
5019,104,0.039907751697038765
7467,104,0.039907751697038765
1076,103,0.03952402331533647
5197,102,0.039140294933634176
8141,102,0.039140294933634176
8526,102,0.039140294933634176
2134,102,0.039140294933634176
1339,102,0.039140294933634176
8286,102,0.039140294933634176
9632,101,0.03875656655193188
12277,101,0.03875656655193188
4256,101,0.03875656655193188
3629,101,0.03875656655193188
8113,101,0.03875656655193188
6399,101,0.03875656655193188
9615,100,0.03837283817022959
6937,100,0.03837283817022959
12421,100,0.03837283817022959
1324,100,0.03837283817022959
7281,100,0.03837283817022959
6592,99,0.03798910978852729
943,99,0.03798910978852729
5637,99,0.03798910978852729
7795,99,0.03798910978852729
2403,99,0.03798910978852729
3071,98,0.03760538140682499
7115,98,0.03760538140682499
10202,98,0.03760538140682499
6027,98,0.03760538140682499
3301,98,0.03760538140682499
10992,98,0.03760538140682499
10814,98,0.03760538140682499
8332,98,0.03760538140682499
4221,98,0.03760538140682499
664,98,0.03760538140682499
10884,97,0.037221653025122696
10127,97,0.037221653025122696
10151,97,0.037221653025122696
2920,97,0.037221653025122696
1751,97,0.037221653025122696
708,97,0.037221653025122696
8124,96,0.0368379246434204
4153,96,0.0368379246434204
1119,96,0.0368379246434204
1591,96,0.0368379246434204
5049,96,0.0368379246434204
9041,96,0.0368379246434204
6562,96,0.0368379246434204
9472,96,0.0368379246434204
11056,96,0.0368379246434204
9139,96,0.0368379246434204
7872,96,0.0368379246434204
11973,95,0.03645419626171811
11286,95,0.03645419626171811
8116,95,0.03645419626171811
7719,95,0.03645419626171811
4430,95,0.03645419626171811
6047,95,0.03645419626171811
3675,95,0.03645419626171811
5638,95,0.03645419626171811
3900,95,0.03645419626171811
8487,95,0.03645419626171811
4317,94,0.03607046788001581
1258,94,0.03607046788001581
66,94,0.03607046788001581
3637,94,0.03607046788001581
1493,93,0.03568673949831352
10440,93,0.03568673949831352
6287,93,0.03568673949831352
8649,93,0.03568673949831352
8867,93,0.03568673949831352
10531,93,0.03568673949831352
4786,93,0.03568673949831352
11125,93,0.03568673949831352
11439,93,0.03568673949831352
5505,93,0.03568673949831352
1440,92,0.035303011116611216
2504,92,0.035303011116611216
9215,92,0.035303011116611216
4703,92,0.035303011116611216
8088,92,0.035303011116611216
3808,92,0.035303011116611216
9137,92,0.035303011116611216
3003,91,0.03491928273490892
10275,91,0.03491928273490892
6531,91,0.03491928273490892
8014,90,0.03453555435320663
8229,90,0.03453555435320663
7631,90,0.03453555435320663
1654,90,0.03453555435320663
1601,90,0.03453555435320663
3189,90,0.03453555435320663
8556,90,0.03453555435320663
7676,90,0.03453555435320663
9148,90,0.03453555435320663
5068,90,0.03453555435320663
7208,89,0.03415182597150433
7659,89,0.03415182597150433
7243,89,0.03415182597150433
870,89,0.03415182597150433
10164,89,0.03415182597150433
4769,89,0.03415182597150433
4782,89,0.03415182597150433
4431,89,0.03415182597150433
9636,88,0.03376809758980204
5844,88,0.03376809758980204
166,88,0.03376809758980204
10025,88,0.03376809758980204
5868,88,0.03376809758980204
8008,88,0.03376809758980204
8023,88,0.03376809758980204
2313,88,0.03376809758980204
12344,88,0.03376809758980204
9673,87,0.033384369208099736
568,87,0.033384369208099736
6794,87,0.033384369208099736
5254,87,0.033384369208099736
5667,87,0.033384369208099736
8360,87,0.033384369208099736
9753,87,0.033384369208099736
11935,87,0.033384369208099736
5800,87,0.033384369208099736
581,87,0.033384369208099736
4827,87,0.033384369208099736
2536,86,0.03300064082639744
9709,86,0.03300064082639744
5591,86,0.03300064082639744
135,86,0.03300064082639744
8098,86,0.03300064082639744
8540,86,0.03300064082639744
3226,85,0.03261691244469515
2035,85,0.03261691244469515
440,85,0.03261691244469515
3368,85,0.03261691244469515
634,85,0.03261691244469515
2895,85,0.03261691244469515
10323,85,0.03261691244469515
5422,85,0.03261691244469515
4521,85,0.03261691244469515
9259,85,0.03261691244469515
10089,84,0.03223318406299285
5640,84,0.03223318406299285
2542,84,0.03223318406299285
11743,84,0.03223318406299285
652,84,0.03223318406299285
1049,84,0.03223318406299285
425,84,0.03223318406299285
3997,83,0.03184945568129056
4206,83,0.03184945568129056
6628,83,0.03184945568129056
3292,83,0.03184945568129056
7486,83,0.03184945568129056
459,83,0.03184945568129056
12240,83,0.03184945568129056
7368,83,0.03184945568129056
7269,83,0.03184945568129056
5881,83,0.03184945568129056
1025,83,0.03184945568129056
3007,83,0.03184945568129056
9880,83,0.03184945568129056
10711,83,0.03184945568129056
1618,82,0.03146572729958826
2902,82,0.03146572729958826
6057,82,0.03146572729958826
1083,82,0.03146572729958826
3863,82,0.03146572729958826
1408,82,0.03146572729958826
3414,82,0.03146572729958826
528,82,0.03146572729958826
11857,82,0.03146572729958826
8769,82,0.03146572729958826
11012,82,0.03146572729958826
11682,82,0.03146572729958826
6817,82,0.03146572729958826
5106,82,0.03146572729958826
10591,82,0.03146572729958826
3610,82,0.03146572729958826
10772,81,0.031081998917885965
8209,81,0.031081998917885965
9462,81,0.031081998917885965
9760,81,0.031081998917885965
10278,81,0.031081998917885965
7272,81,0.031081998917885965
12077,81,0.031081998917885965
7942,81,0.031081998917885965
7987,81,0.031081998917885965
7074,80,0.030698270536183667
8341,80,0.030698270536183667
4863,80,0.030698270536183667
8172,80,0.030698270536183667
676,80,0.030698270536183667
5659,80,0.030698270536183667
8329,80,0.030698270536183667
1436,80,0.030698270536183667
4298,80,0.030698270536183667
7207,80,0.030698270536183667
9119,80,0.030698270536183667
5435,80,0.030698270536183667
8626,80,0.030698270536183667
9322,80,0.030698270536183667
11320,80,0.030698270536183667
8379,79,0.030314542154481372
6276,79,0.030314542154481372
2241,79,0.030314542154481372
58,79,0.030314542154481372
11995,79,0.030314542154481372
8254,79,0.030314542154481372
2248,79,0.030314542154481372
1099,79,0.030314542154481372
8950,79,0.030314542154481372
48,79,0.030314542154481372
11215,79,0.030314542154481372
6863,79,0.030314542154481372
9219,79,0.030314542154481372
2307,78,0.029930813772779074
5931,78,0.029930813772779074
11116,78,0.029930813772779074
1831,78,0.029930813772779074
1677,78,0.029930813772779074
8308,78,0.029930813772779074
11227,78,0.029930813772779074
11188,78,0.029930813772779074
399,78,0.029930813772779074
3469,78,0.029930813772779074
3777,78,0.029930813772779074
8551,78,0.029930813772779074
6377,78,0.029930813772779074
9358,78,0.029930813772779074
6751,78,0.029930813772779074
10839,77,0.029547085391076783
11131,77,0.029547085391076783
4101,77,0.029547085391076783
10420,77,0.029547085391076783
238,77,0.029547085391076783
6905,77,0.029547085391076783
9111,77,0.029547085391076783
10557,77,0.029547085391076783
5214,77,0.029547085391076783
11561,77,0.029547085391076783
10810,77,0.029547085391076783
8398,77,0.029547085391076783
4069,77,0.029547085391076783
11590,77,0.029547085391076783
6737,77,0.029547085391076783
9659,77,0.029547085391076783
7626,77,0.029547085391076783
9845,77,0.029547085391076783
1370,76,0.029163357009374485
886,76,0.029163357009374485
5331,76,0.029163357009374485
10130,76,0.029163357009374485
7210,76,0.029163357009374485
10187,76,0.029163357009374485
7275,76,0.029163357009374485
3463,76,0.029163357009374485
10837,76,0.029163357009374485
10062,76,0.029163357009374485
1758,76,0.029163357009374485
5735,76,0.029163357009374485
5682,76,0.029163357009374485
1126,76,0.029163357009374485
8623,76,0.029163357009374485
1730,76,0.029163357009374485
2010,76,0.029163357009374485
4485,76,0.029163357009374485
7932,76,0.029163357009374485
8843,76,0.029163357009374485
245,76,0.029163357009374485
3244,76,0.029163357009374485
7797,75,0.02877962862767219
6462,75,0.02877962862767219
6489,75,0.02877962862767219
3651,75,0.02877962862767219
984,75,0.02877962862767219
1750,75,0.02877962862767219
26,75,0.02877962862767219
6631,75,0.02877962862767219
5287,75,0.02877962862767219
5623,75,0.02877962862767219
10305,75,0.02877962862767219
418,75,0.02877962862767219
7420,75,0.02877962862767219
9616,75,0.02877962862767219
783,75,0.02877962862767219
3790,75,0.02877962862767219
9474,74,0.028395900245969892
6874,74,0.028395900245969892
12501,74,0.028395900245969892
6500,74,0.028395900245969892
3222,74,0.028395900245969892
4888,74,0.028395900245969892
1348,74,0.028395900245969892
7199,74,0.028395900245969892
4682,74,0.028395900245969892
6963,74,0.028395900245969892
11750,74,0.028395900245969892
4159,74,0.028395900245969892
11501,74,0.028395900245969892
1863,74,0.028395900245969892
6007,73,0.028012171864267594
3815,73,0.028012171864267594
10245,73,0.028012171864267594
8077,73,0.028012171864267594
4683,73,0.028012171864267594
191,73,0.028012171864267594
5132,72,0.027628443482565303
980,72,0.027628443482565303
7960,72,0.027628443482565303
3947,72,0.027628443482565303
5485,72,0.027628443482565303
12334,72,0.027628443482565303
12319,72,0.027628443482565303
1326,72,0.027628443482565303
2759,72,0.027628443482565303
519,72,0.027628443482565303
3206,72,0.027628443482565303
6299,72,0.027628443482565303
6127,72,0.027628443482565303
10014,72,0.027628443482565303
1860,72,0.027628443482565303
11256,72,0.027628443482565303
4550,72,0.027628443482565303
5357,72,0.027628443482565303
10867,72,0.027628443482565303
3986,72,0.027628443482565303
473,71,0.027244715100863008
2214,71,0.027244715100863008
11856,71,0.027244715100863008
2330,71,0.027244715100863008
10714,71,0.027244715100863008
2193,71,0.027244715100863008
11782,71,0.027244715100863008
10168,71,0.027244715100863008
8178,71,0.027244715100863008
5902,71,0.027244715100863008
7882,71,0.027244715100863008
7376,71,0.027244715100863008
392,71,0.027244715100863008
6040,71,0.027244715100863008
8664,71,0.027244715100863008
11557,71,0.027244715100863008
3848,71,0.027244715100863008
4695,71,0.027244715100863008
10794,71,0.027244715100863008
4144,70,0.02686098671916071
10999,70,0.02686098671916071
414,70,0.02686098671916071
12481,70,0.02686098671916071
8757,70,0.02686098671916071
10840,70,0.02686098671916071
881,70,0.02686098671916071
6830,70,0.02686098671916071
776,70,0.02686098671916071
12329,70,0.02686098671916071
4856,70,0.02686098671916071
2822,70,0.02686098671916071
12020,70,0.02686098671916071
10723,70,0.02686098671916071
3140,70,0.02686098671916071
6507,70,0.02686098671916071
6150,70,0.02686098671916071
2261,70,0.02686098671916071
5890,70,0.02686098671916071
8852,70,0.02686098671916071
3433,70,0.02686098671916071
4080,70,0.02686098671916071
6232,70,0.02686098671916071
2815,70,0.02686098671916071
11290,70,0.02686098671916071
9751,70,0.02686098671916071
9959,70,0.02686098671916071
4476,70,0.02686098671916071
9627,70,0.02686098671916071
6957,70,0.02686098671916071
4411,70,0.02686098671916071
8037,70,0.02686098671916071
1459,69,0.026477258337458412
6348,69,0.026477258337458412
2752,69,0.026477258337458412
4373,69,0.026477258337458412
4652,69,0.026477258337458412
1244,69,0.026477258337458412
7428,69,0.026477258337458412
4223,69,0.026477258337458412
1256,69,0.026477258337458412
4308,69,0.026477258337458412
5799,69,0.026477258337458412
1377,69,0.026477258337458412
4363,69,0.026477258337458412
9376,69,0.026477258337458412
143,69,0.026477258337458412
2633,69,0.026477258337458412
3760,69,0.026477258337458412
1761,69,0.026477258337458412
1944,69,0.026477258337458412
12256,69,0.026477258337458412
887,68,0.026093529955756117
490,68,0.026093529955756117
11721,68,0.026093529955756117
3055,68,0.026093529955756117
8546,68,0.026093529955756117
4638,68,0.026093529955756117
8990,68,0.026093529955756117
10580,68,0.026093529955756117
6430,68,0.026093529955756117
8208,68,0.026093529955756117
9325,68,0.026093529955756117
263,68,0.026093529955756117
4608,68,0.026093529955756117
1589,67,0.02570980157405382
2327,67,0.02570980157405382
9545,67,0.02570980157405382
5345,67,0.02570980157405382
10248,67,0.02570980157405382
11030,67,0.02570980157405382
5411,67,0.02570980157405382
9481,67,0.02570980157405382
2887,67,0.02570980157405382
11822,67,0.02570980157405382
9046,67,0.02570980157405382
1262,66,0.025326073192351528
8468,66,0.025326073192351528
12479,66,0.025326073192351528
1144,66,0.025326073192351528
3525,66,0.025326073192351528
6502,66,0.025326073192351528
625,66,0.025326073192351528
4513,66,0.025326073192351528
2410,66,0.025326073192351528
1537,66,0.025326073192351528
2974,66,0.025326073192351528
6853,66,0.025326073192351528
12507,66,0.025326073192351528
912,66,0.025326073192351528
2194,66,0.025326073192351528
11805,66,0.025326073192351528
9088,66,0.025326073192351528
830,66,0.025326073192351528
3707,66,0.025326073192351528
9803,66,0.025326073192351528
4113,66,0.025326073192351528
11121,66,0.025326073192351528
8738,66,0.025326073192351528
6242,66,0.025326073192351528
1250,66,0.025326073192351528
1546,66,0.025326073192351528
7494,66,0.025326073192351528
3331,65,0.02494234481064923
458,65,0.02494234481064923
2757,65,0.02494234481064923
954,65,0.02494234481064923
4577,65,0.02494234481064923
9635,65,0.02494234481064923
5052,65,0.02494234481064923
12376,65,0.02494234481064923
11281,65,0.02494234481064923
9774,65,0.02494234481064923
2581,65,0.02494234481064923
180,65,0.02494234481064923
2847,65,0.02494234481064923
6821,65,0.02494234481064923
3613,65,0.02494234481064923
12061,64,0.024558616428946935
4282,64,0.024558616428946935
9207,64,0.024558616428946935
3809,64,0.024558616428946935
3061,64,0.024558616428946935
2036,64,0.024558616428946935
3885,64,0.024558616428946935
8252,64,0.024558616428946935
4726,64,0.024558616428946935
9899,64,0.024558616428946935
5553,64,0.024558616428946935
5551,64,0.024558616428946935
11099,64,0.024558616428946935
4482,64,0.024558616428946935
3107,64,0.024558616428946935
7902,64,0.024558616428946935
641,64,0.024558616428946935
11033,64,0.024558616428946935
525,64,0.024558616428946935
3474,64,0.024558616428946935
12263,64,0.024558616428946935
1375,64,0.024558616428946935
10808,64,0.024558616428946935
11986,64,0.024558616428946935
3765,64,0.024558616428946935
6783,64,0.024558616428946935
10882,64,0.024558616428946935
7292,64,0.024558616428946935
4747,64,0.024558616428946935
8492,64,0.024558616428946935
7154,64,0.024558616428946935
10428,64,0.024558616428946935
10379,63,0.024174888047244637
9689,63,0.024174888047244637
2092,63,0.024174888047244637
296,63,0.024174888047244637
8780,63,0.024174888047244637
7949,63,0.024174888047244637
1965,63,0.024174888047244637
10344,63,0.024174888047244637
5644,63,0.024174888047244637
9813,63,0.024174888047244637
1725,63,0.024174888047244637
9710,63,0.024174888047244637
5149,63,0.024174888047244637
6439,63,0.024174888047244637
8784,63,0.024174888047244637
2388,63,0.024174888047244637
6572,63,0.024174888047244637
2145,63,0.024174888047244637
11442,62,0.023791159665542343
5373,62,0.023791159665542343
3829,62,0.023791159665542343
4002,62,0.023791159665542343
6765,62,0.023791159665542343
1781,62,0.023791159665542343
11022,62,0.023791159665542343
12185,62,0.023791159665542343
3273,62,0.023791159665542343
11,62,0.023791159665542343
2555,62,0.023791159665542343
7637,62,0.023791159665542343
428,62,0.023791159665542343
3395,62,0.023791159665542343
9825,62,0.023791159665542343
2239,62,0.023791159665542343
8676,62,0.023791159665542343
8314,62,0.023791159665542343
8297,62,0.023791159665542343
5064,62,0.023791159665542343
3504,62,0.023791159665542343
3486,62,0.023791159665542343
6526,62,0.023791159665542343
12125,62,0.023791159665542343
1729,61,0.023407431283840048
6917,61,0.023407431283840048
453,61,0.023407431283840048
5247,61,0.023407431283840048
8152,61,0.023407431283840048
9646,61,0.023407431283840048
10643,61,0.023407431283840048
7981,61,0.023407431283840048
4564,61,0.023407431283840048
6440,61,0.023407431283840048
5023,61,0.023407431283840048
7596,61,0.023407431283840048
932,61,0.023407431283840048
9275,61,0.023407431283840048
12299,61,0.023407431283840048
9258,61,0.023407431283840048
9216,61,0.023407431283840048
3168,61,0.023407431283840048
2516,61,0.023407431283840048
1207,61,0.023407431283840048
9734,61,0.023407431283840048
371,61,0.023407431283840048
12482,61,0.023407431283840048
3788,61,0.023407431283840048
8847,61,0.023407431283840048
11333,61,0.023407431283840048
1499,61,0.023407431283840048
5781,61,0.023407431283840048
6649,61,0.023407431283840048
90,61,0.023407431283840048
7234,61,0.023407431283840048
8993,61,0.023407431283840048
8869,60,0.02302370290213775
9819,60,0.02302370290213775
12129,60,0.02302370290213775
7635,60,0.02302370290213775
3526,60,0.02302370290213775
10635,60,0.02302370290213775
2807,60,0.02302370290213775
9140,60,0.02302370290213775
5807,60,0.02302370290213775
6298,60,0.02302370290213775
7511,60,0.02302370290213775
3087,60,0.02302370290213775
170,60,0.02302370290213775
4343,60,0.02302370290213775
3953,60,0.02302370290213775
9332,60,0.02302370290213775
11296,60,0.02302370290213775
1582,60,0.02302370290213775
7440,60,0.02302370290213775
3053,60,0.02302370290213775
3764,60,0.02302370290213775
3201,60,0.02302370290213775
8918,60,0.02302370290213775
3772,60,0.02302370290213775
7980,60,0.02302370290213775
8002,60,0.02302370290213775
9353,60,0.02302370290213775
709,60,0.02302370290213775
8016,60,0.02302370290213775
9534,60,0.02302370290213775
3508,60,0.02302370290213775
3722,60,0.02302370290213775
3234,60,0.02302370290213775
1079,59,0.022639974520435455
4121,59,0.022639974520435455
11430,59,0.022639974520435455
10918,59,0.022639974520435455
2627,59,0.022639974520435455
1606,59,0.022639974520435455
6214,59,0.022639974520435455
10849,59,0.022639974520435455
11544,59,0.022639974520435455
5874,59,0.022639974520435455
3343,59,0.022639974520435455
5423,59,0.022639974520435455
10200,59,0.022639974520435455
11991,59,0.022639974520435455
8809,59,0.022639974520435455
7660,59,0.022639974520435455
3889,59,0.022639974520435455
5519,59,0.022639974520435455
6880,59,0.022639974520435455
8291,59,0.022639974520435455
11797,59,0.022639974520435455
8103,59,0.022639974520435455
513,59,0.022639974520435455
9540,59,0.022639974520435455
10630,59,0.022639974520435455
11733,59,0.022639974520435455
5245,59,0.022639974520435455
8020,59,0.022639974520435455
5915,59,0.022639974520435455
2490,59,0.022639974520435455
1785,59,0.022639974520435455
7559,59,0.022639974520435455
3632,59,0.022639974520435455
8447,59,0.022639974520435455
7897,59,0.022639974520435455
9834,59,0.022639974520435455
12350,58,0.02225624613873316
5721,58,0.02225624613873316
12104,58,0.02225624613873316
7348,58,0.02225624613873316
12396,58,0.02225624613873316
8525,58,0.02225624613873316
7562,58,0.02225624613873316
6346,58,0.02225624613873316
8385,58,0.02225624613873316
827,58,0.02225624613873316
1941,58,0.02225624613873316
8338,58,0.02225624613873316
3126,58,0.02225624613873316
11220,58,0.02225624613873316
2566,58,0.02225624613873316
989,58,0.02225624613873316
10979,58,0.02225624613873316
8838,58,0.02225624613873316
6683,58,0.02225624613873316
6469,58,0.02225624613873316
8182,58,0.02225624613873316
2865,58,0.02225624613873316
2964,58,0.02225624613873316
7675,58,0.02225624613873316
8884,58,0.02225624613873316
11494,58,0.02225624613873316
2069,58,0.02225624613873316
8102,58,0.02225624613873316
12081,58,0.02225624613873316
12328,58,0.02225624613873316
7194,58,0.02225624613873316
11717,58,0.02225624613873316
10737,58,0.02225624613873316
3529,58,0.02225624613873316
785,57,0.021872517757030863
9789,57,0.021872517757030863
2370,57,0.021872517757030863
9840,57,0.021872517757030863
9613,57,0.021872517757030863
2982,57,0.021872517757030863
11994,57,0.021872517757030863
7369,57,0.021872517757030863
10395,57,0.021872517757030863
5974,57,0.021872517757030863
4624,57,0.021872517757030863
9204,57,0.021872517757030863
11776,57,0.021872517757030863
9770,57,0.021872517757030863
4224,57,0.021872517757030863
10834,57,0.021872517757030863
2181,57,0.021872517757030863
5128,57,0.021872517757030863
312,57,0.021872517757030863
8506,57,0.021872517757030863
6620,57,0.021872517757030863
11366,56,0.021488789375328568
3460,56,0.021488789375328568
9995,56,0.021488789375328568
999,56,0.021488789375328568
5339,56,0.021488789375328568
2565,56,0.021488789375328568
4821,56,0.021488789375328568
1919,56,0.021488789375328568
898,56,0.021488789375328568
8126,56,0.021488789375328568
12433,56,0.021488789375328568
7230,56,0.021488789375328568
6449,56,0.021488789375328568
5803,56,0.021488789375328568
386,56,0.021488789375328568
8290,56,0.021488789375328568
7710,56,0.021488789375328568
5997,56,0.021488789375328568
11708,56,0.021488789375328568
11565,56,0.021488789375328568
4727,56,0.021488789375328568
8879,56,0.021488789375328568
2875,56,0.021488789375328568
3022,55,0.021105060993626273
682,55,0.021105060993626273
3585,55,0.021105060993626273
2677,55,0.021105060993626273
11124,55,0.021105060993626273
8795,55,0.021105060993626273
941,55,0.021105060993626273
6067,55,0.021105060993626273
9195,55,0.021105060993626273
5692,55,0.021105060993626273
8393,55,0.021105060993626273
1483,55,0.021105060993626273
5266,55,0.021105060993626273
6201,55,0.021105060993626273
6184,55,0.021105060993626273
276,55,0.021105060993626273
5037,55,0.021105060993626273
5383,55,0.021105060993626273
10483,55,0.021105060993626273
6988,55,0.021105060993626273
2737,55,0.021105060993626273
3362,55,0.021105060993626273
4471,55,0.021105060993626273
6560,55,0.021105060993626273
9391,55,0.021105060993626273
2443,55,0.021105060993626273
1104,55,0.021105060993626273
5575,55,0.021105060993626273
10055,55,0.021105060993626273
9722,55,0.021105060993626273
7295,55,0.021105060993626273
145,55,0.021105060993626273
7958,55,0.021105060993626273
9340,55,0.021105060993626273
7459,55,0.021105060993626273
3146,55,0.021105060993626273
11114,55,0.021105060993626273
6262,55,0.021105060993626273
4466,55,0.021105060993626273
8701,55,0.021105060993626273
2699,55,0.021105060993626273
7059,54,0.020721332611923975
3516,54,0.020721332611923975
6030,54,0.020721332611923975
2593,54,0.020721332611923975
4531,54,0.020721332611923975
3991,54,0.020721332611923975
482,54,0.020721332611923975
10530,54,0.020721332611923975
2309,54,0.020721332611923975
6064,54,0.020721332611923975
571,54,0.020721332611923975
6708,54,0.020721332611923975
11998,54,0.020721332611923975
10513,54,0.020721332611923975
1895,54,0.020721332611923975
11799,54,0.020721332611923975
157,54,0.020721332611923975
842,54,0.020721332611923975
6224,54,0.020721332611923975
8600,54,0.020721332611923975
3535,54,0.020721332611923975
2989,54,0.020721332611923975
9233,54,0.020721332611923975
3723,54,0.020721332611923975
5361,54,0.020721332611923975
11558,54,0.020721332611923975
10881,54,0.020721332611923975
9586,54,0.020721332611923975
5316,54,0.020721332611923975
8196,54,0.020721332611923975
4423,54,0.020721332611923975
8789,54,0.020721332611923975
7188,54,0.020721332611923975
5302,54,0.020721332611923975
7718,54,0.020721332611923975
9244,54,0.020721332611923975
5595,54,0.020721332611923975
6872,53,0.02033760423022168
1652,53,0.02033760423022168
11760,53,0.02033760423022168
5775,53,0.02033760423022168
3721,53,0.02033760423022168
8560,53,0.02033760423022168
8574,53,0.02033760423022168
3282,53,0.02033760423022168
10589,53,0.02033760423022168
6378,53,0.02033760423022168
12549,53,0.02033760423022168
2835,53,0.02033760423022168
2771,53,0.02033760423022168
9387,53,0.02033760423022168
3572,53,0.02033760423022168
8858,53,0.02033760423022168
7241,53,0.02033760423022168
11500,53,0.02033760423022168
773,53,0.02033760423022168
6374,53,0.02033760423022168
6181,53,0.02033760423022168
5658,53,0.02033760423022168
11891,53,0.02033760423022168
10848,53,0.02033760423022168
9188,53,0.02033760423022168
4371,53,0.02033760423022168
12458,53,0.02033760423022168
11384,53,0.02033760423022168
1977,53,0.02033760423022168
7133,53,0.02033760423022168
3309,53,0.02033760423022168
4293,53,0.02033760423022168
11921,53,0.02033760423022168
281,53,0.02033760423022168
5203,52,0.019953875848519383
3423,52,0.019953875848519383
4970,52,0.019953875848519383
3652,52,0.019953875848519383
10645,52,0.019953875848519383
12459,52,0.019953875848519383
11927,52,0.019953875848519383
4279,52,0.019953875848519383
7972,52,0.019953875848519383
9861,52,0.019953875848519383
6284,52,0.019953875848519383
1991,52,0.019953875848519383
4409,52,0.019953875848519383
6121,52,0.019953875848519383
9714,52,0.019953875848519383
981,52,0.019953875848519383
11671,52,0.019953875848519383
4740,52,0.019953875848519383
4547,52,0.019953875848519383
3035,52,0.019953875848519383
6700,52,0.019953875848519383
9756,52,0.019953875848519383
1357,52,0.019953875848519383
4186,52,0.019953875848519383
7587,52,0.019953875848519383
9601,52,0.019953875848519383
7773,52,0.019953875848519383
7495,52,0.019953875848519383
7856,52,0.019953875848519383
5055,52,0.019953875848519383
21,52,0.019953875848519383
7728,52,0.019953875848519383
7439,52,0.019953875848519383
33,52,0.019953875848519383
686,52,0.019953875848519383
9581,52,0.019953875848519383
12119,52,0.019953875848519383
6647,52,0.019953875848519383
2192,52,0.019953875848519383
7127,52,0.019953875848519383
742,52,0.019953875848519383
15,52,0.019953875848519383
1034,52,0.019953875848519383
9969,52,0.019953875848519383
5427,52,0.019953875848519383
9958,52,0.019953875848519383
4207,52,0.019953875848519383
4119,52,0.019953875848519383
7247,52,0.019953875848519383
2245,52,0.019953875848519383
8770,52,0.019953875848519383
12147,51,0.019570147466817088
1202,51,0.019570147466817088
5384,51,0.019570147466817088
5275,51,0.019570147466817088
7383,51,0.019570147466817088
268,51,0.019570147466817088
2024,51,0.019570147466817088
7070,51,0.019570147466817088
9990,51,0.019570147466817088
106,51,0.019570147466817088
10887,51,0.019570147466817088
8068,51,0.019570147466817088
6605,51,0.019570147466817088
11726,51,0.019570147466817088
1381,51,0.019570147466817088
4372,51,0.019570147466817088
3419,51,0.019570147466817088
12457,51,0.019570147466817088
4348,51,0.019570147466817088
5513,51,0.019570147466817088
220,51,0.019570147466817088
3322,51,0.019570147466817088
10436,51,0.019570147466817088
4925,51,0.019570147466817088
10609,51,0.019570147466817088
12002,51,0.019570147466817088
9504,51,0.019570147466817088
955,51,0.019570147466817088
11196,51,0.019570147466817088
59,51,0.019570147466817088
6743,51,0.019570147466817088
5885,51,0.019570147466817088
9412,51,0.019570147466817088
11866,51,0.019570147466817088
5289,51,0.019570147466817088
3616,51,0.019570147466817088
6677,51,0.019570147466817088
11904,51,0.019570147466817088
11291,51,0.019570147466817088
11552,51,0.019570147466817088
12339,50,0.019186419085114793
2586,50,0.019186419085114793
4104,50,0.019186419085114793
8792,50,0.019186419085114793
6015,50,0.019186419085114793
4744,50,0.019186419085114793
10592,50,0.019186419085114793
11295,50,0.019186419085114793
7967,50,0.019186419085114793
2101,50,0.019186419085114793
4700,50,0.019186419085114793
5639,50,0.019186419085114793
544,50,0.019186419085114793
10342,50,0.019186419085114793
11788,50,0.019186419085114793
6656,50,0.019186419085114793
1071,50,0.019186419085114793
2869,50,0.019186419085114793
7828,50,0.019186419085114793
10880,50,0.019186419085114793
3258,50,0.019186419085114793
3155,50,0.019186419085114793
9201,50,0.019186419085114793
11100,50,0.019186419085114793
3159,50,0.019186419085114793
5878,50,0.019186419085114793
1111,50,0.019186419085114793
11595,50,0.019186419085114793
1448,50,0.019186419085114793
6770,50,0.019186419085114793
9202,50,0.019186419085114793
4751,50,0.019186419085114793
3967,50,0.019186419085114793
7633,50,0.019186419085114793
11283,50,0.019186419085114793
4530,50,0.019186419085114793
2382,50,0.019186419085114793
7761,50,0.019186419085114793
11292,50,0.019186419085114793
5837,50,0.019186419085114793
9455,50,0.019186419085114793
3923,50,0.019186419085114793
7837,50,0.019186419085114793
5507,50,0.019186419085114793
7142,50,0.019186419085114793
6651,50,0.019186419085114793
8296,50,0.019186419085114793
60,50,0.019186419085114793
3804,50,0.019186419085114793
12443,50,0.019186419085114793
49,50,0.019186419085114793
4713,50,0.019186419085114793
5953,50,0.019186419085114793
7095,50,0.019186419085114793
11376,50,0.019186419085114793
7854,50,0.019186419085114793
4026,50,0.019186419085114793
6305,50,0.019186419085114793
5517,50,0.019186419085114793
10978,50,0.019186419085114793
3180,50,0.019186419085114793
9732,50,0.019186419085114793
660,50,0.019186419085114793
6244,50,0.019186419085114793
11244,50,0.019186419085114793
5898,49,0.018802690703412495
6008,49,0.018802690703412495
7843,49,0.018802690703412495
12130,49,0.018802690703412495
10558,49,0.018802690703412495
5177,49,0.018802690703412495
44,49,0.018802690703412495
2623,49,0.018802690703412495
8488,49,0.018802690703412495
6096,49,0.018802690703412495
1113,49,0.018802690703412495
3855,49,0.018802690703412495
7577,49,0.018802690703412495
9649,49,0.018802690703412495
2299,49,0.018802690703412495
7306,49,0.018802690703412495
875,49,0.018802690703412495
6153,49,0.018802690703412495
2202,49,0.018802690703412495
2795,49,0.018802690703412495
6833,49,0.018802690703412495
1614,49,0.018802690703412495
7148,49,0.018802690703412495
10707,49,0.018802690703412495
9500,49,0.018802690703412495
2304,49,0.018802690703412495
5971,49,0.018802690703412495
6308,49,0.018802690703412495
3812,49,0.018802690703412495
9366,49,0.018802690703412495
2060,49,0.018802690703412495
4124,49,0.018802690703412495
11048,49,0.018802690703412495
2169,49,0.018802690703412495
10377,49,0.018802690703412495
12250,49,0.018802690703412495
564,49,0.018802690703412495
4879,49,0.018802690703412495
3971,49,0.018802690703412495
3397,49,0.018802690703412495
7017,49,0.018802690703412495
2294,49,0.018802690703412495
570,49,0.018802690703412495
4027,49,0.018802690703412495
7464,49,0.018802690703412495
8578,49,0.018802690703412495
12398,49,0.018802690703412495
9940,49,0.018802690703412495
5765,49,0.018802690703412495
1199,48,0.0184189623217102
8725,48,0.0184189623217102
4231,48,0.0184189623217102
659,48,0.0184189623217102
9429,48,0.0184189623217102
2770,48,0.0184189623217102
11388,48,0.0184189623217102
284,48,0.0184189623217102
412,48,0.0184189623217102
10021,48,0.0184189623217102
7224,48,0.0184189623217102
11635,48,0.0184189623217102
6208,48,0.0184189623217102
11212,48,0.0184189623217102
11634,48,0.0184189623217102
11824,48,0.0184189623217102
3990,48,0.0184189623217102
4689,48,0.0184189623217102
1657,48,0.0184189623217102
11195,48,0.0184189623217102
2029,48,0.0184189623217102
1846,48,0.0184189623217102
1577,48,0.0184189623217102
7624,48,0.0184189623217102
7123,48,0.0184189623217102
3283,48,0.0184189623217102
9611,48,0.0184189623217102
2547,48,0.0184189623217102
5209,48,0.0184189623217102
1813,48,0.0184189623217102
7688,48,0.0184189623217102
2466,48,0.0184189623217102
11090,48,0.0184189623217102
3747,48,0.0184189623217102
12026,48,0.0184189623217102
2006,48,0.0184189623217102
3472,48,0.0184189623217102
8897,48,0.0184189623217102
11608,48,0.0184189623217102
7120,48,0.0184189623217102
3853,48,0.0184189623217102
1989,47,0.018035233940007906
12360,47,0.018035233940007906
10686,47,0.018035233940007906
1578,47,0.018035233940007906
9000,47,0.018035233940007906
1072,47,0.018035233940007906
7326,47,0.018035233940007906
2115,47,0.018035233940007906
11965,47,0.018035233940007906
6741,47,0.018035233940007906
10996,47,0.018035233940007906
2932,47,0.018035233940007906
11135,47,0.018035233940007906
9686,47,0.018035233940007906
2217,47,0.018035233940007906
4354,47,0.018035233940007906
2337,47,0.018035233940007906
1645,47,0.018035233940007906
10803,47,0.018035233940007906
11076,47,0.018035233940007906
6405,47,0.018035233940007906
6264,47,0.018035233940007906
10178,47,0.018035233940007906
3606,47,0.018035233940007906
7412,47,0.018035233940007906
9736,47,0.018035233940007906
2238,47,0.018035233940007906
9574,47,0.018035233940007906
3898,47,0.018035233940007906
4259,47,0.018035233940007906
8216,47,0.018035233940007906
10453,47,0.018035233940007906
8703,47,0.018035233940007906
11504,47,0.018035233940007906
4613,47,0.018035233940007906
8467,47,0.018035233940007906
11433,47,0.018035233940007906
11579,47,0.018035233940007906
1583,47,0.018035233940007906
3627,47,0.018035233940007906
8330,47,0.018035233940007906
2185,47,0.018035233940007906
1307,47,0.018035233940007906
5484,47,0.018035233940007906
3172,47,0.018035233940007906
3647,47,0.018035233940007906
8997,47,0.018035233940007906
2152,47,0.018035233940007906
10578,47,0.018035233940007906
1299,47,0.018035233940007906
11261,47,0.018035233940007906
8299,47,0.018035233940007906
8613,47,0.018035233940007906
2448,47,0.018035233940007906
10590,47,0.018035233940007906
2855,47,0.018035233940007906
11793,47,0.018035233940007906
8074,47,0.018035233940007906
10075,46,0.017651505558305608
4667,46,0.017651505558305608
11107,46,0.017651505558305608
2667,46,0.017651505558305608
7616,46,0.017651505558305608
8610,46,0.017651505558305608
6574,46,0.017651505558305608
7580,46,0.017651505558305608
298,46,0.017651505558305608
4629,46,0.017651505558305608
5830,46,0.017651505558305608
9157,46,0.017651505558305608
12359,46,0.017651505558305608
9849,46,0.017651505558305608
1695,46,0.017651505558305608
7009,46,0.017651505558305608
8006,46,0.017651505558305608
8561,46,0.017651505558305608
7655,46,0.017651505558305608
10233,46,0.017651505558305608
4023,46,0.017651505558305608
4418,46,0.017651505558305608
11097,46,0.017651505558305608
12227,46,0.017651505558305608
11130,46,0.017651505558305608
2743,46,0.017651505558305608
1966,46,0.017651505558305608
2804,46,0.017651505558305608
1108,46,0.017651505558305608
5691,46,0.017651505558305608
10491,46,0.017651505558305608
10256,46,0.017651505558305608
5727,46,0.017651505558305608
7163,46,0.017651505558305608
12275,46,0.017651505558305608
5711,46,0.017651505558305608
2820,46,0.017651505558305608
5945,46,0.017651505558305608
7914,46,0.017651505558305608
3008,46,0.017651505558305608
911,46,0.017651505558305608
9577,46,0.017651505558305608
1030,46,0.017651505558305608
10070,46,0.017651505558305608
12430,46,0.017651505558305608
11276,46,0.017651505558305608
10888,46,0.017651505558305608
8930,46,0.017651505558305608
5290,46,0.017651505558305608
12527,45,0.017267777176603313
8647,45,0.017267777176603313
6906,45,0.017267777176603313
9360,45,0.017267777176603313
3774,45,0.017267777176603313
10442,45,0.017267777176603313
1107,45,0.017267777176603313
8207,45,0.017267777176603313
1462,45,0.017267777176603313
11185,45,0.017267777176603313
10739,45,0.017267777176603313
9697,45,0.017267777176603313
8715,45,0.017267777176603313
1004,45,0.017267777176603313
8598,45,0.017267777176603313
2704,45,0.017267777176603313
4253,45,0.017267777176603313
6602,45,0.017267777176603313
5912,45,0.017267777176603313
2587,45,0.017267777176603313
3780,45,0.017267777176603313
3978,45,0.017267777176603313
3810,45,0.017267777176603313
1430,45,0.017267777176603313
8614,45,0.017267777176603313
11757,45,0.017267777176603313
548,45,0.017267777176603313
6351,45,0.017267777176603313
10451,45,0.017267777176603313
7117,45,0.017267777176603313
7057,45,0.017267777176603313
2705,45,0.017267777176603313
6102,45,0.017267777176603313
4989,45,0.017267777176603313
4014,45,0.017267777176603313
10666,45,0.017267777176603313
10522,45,0.017267777176603313
6467,45,0.017267777176603313
5977,45,0.017267777176603313
636,45,0.017267777176603313
10332,45,0.017267777176603313
11850,45,0.017267777176603313
379,45,0.017267777176603313
10281,45,0.017267777176603313
5573,45,0.017267777176603313
1792,45,0.017267777176603313
11568,45,0.017267777176603313
1422,45,0.017267777176603313
3895,45,0.017267777176603313
9130,45,0.017267777176603313
11062,45,0.017267777176603313
11493,45,0.017267777176603313
7032,45,0.017267777176603313
11210,45,0.017267777176603313
1755,45,0.017267777176603313
6470,45,0.017267777176603313
8268,45,0.017267777176603313
11263,45,0.017267777176603313
12168,45,0.017267777176603313
8365,44,0.01688404879490102
5250,44,0.01688404879490102
8199,44,0.01688404879490102
1114,44,0.01688404879490102
6098,44,0.01688404879490102
899,44,0.01688404879490102
444,44,0.01688404879490102
8617,44,0.01688404879490102
6788,44,0.01688404879490102
593,44,0.01688404879490102
6715,44,0.01688404879490102
8571,44,0.01688404879490102
12557,44,0.01688404879490102
4319,44,0.01688404879490102
8778,44,0.01688404879490102
4926,44,0.01688404879490102
1182,44,0.01688404879490102
6958,44,0.01688404879490102
854,44,0.01688404879490102
6894,44,0.01688404879490102
3476,44,0.01688404879490102
8337,44,0.01688404879490102
8119,44,0.01688404879490102
12475,44,0.01688404879490102
1741,44,0.01688404879490102
12174,44,0.01688404879490102
6271,44,0.01688404879490102
344,44,0.01688404879490102
5926,44,0.01688404879490102
4721,44,0.01688404879490102
2175,44,0.01688404879490102
5280,44,0.01688404879490102
5653,44,0.01688404879490102
7658,44,0.01688404879490102
2053,44,0.01688404879490102
11734,44,0.01688404879490102
10944,44,0.01688404879490102
819,44,0.01688404879490102
349,44,0.01688404879490102
9968,44,0.01688404879490102
3552,44,0.01688404879490102
975,44,0.01688404879490102
8643,44,0.01688404879490102
986,44,0.01688404879490102
1424,44,0.01688404879490102
553,44,0.01688404879490102
8573,44,0.01688404879490102
4685,44,0.01688404879490102
2374,44,0.01688404879490102
8709,44,0.01688404879490102
4240,44,0.01688404879490102
12196,44,0.01688404879490102
4669,44,0.01688404879490102
9192,44,0.01688404879490102
2257,44,0.01688404879490102
11687,44,0.01688404879490102
5240,44,0.01688404879490102
5077,44,0.01688404879490102
5217,44,0.01688404879490102
3484,44,0.01688404879490102
1242,44,0.01688404879490102
3563,44,0.01688404879490102
223,44,0.01688404879490102
5091,44,0.01688404879490102
2503,43,0.01650032041319872
426,43,0.01650032041319872
6123,43,0.01650032041319872
2698,43,0.01650032041319872
2980,43,0.01650032041319872
8241,43,0.01650032041319872
11218,43,0.01650032041319872
4902,43,0.01650032041319872
7810,43,0.01650032041319872
10476,43,0.01650032041319872
8931,43,0.01650032041319872
8729,43,0.01650032041319872
7553,43,0.01650032041319872
627,43,0.01650032041319872
11908,43,0.01650032041319872
1722,43,0.01650032041319872
12511,43,0.01650032041319872
4562,43,0.01650032041319872
11762,43,0.01650032041319872
12378,43,0.01650032041319872
9453,43,0.01650032041319872
3457,43,0.01650032041319872
5751,43,0.01650032041319872
4508,43,0.01650032041319872
2991,43,0.01650032041319872
5390,43,0.01650032041319872
237,43,0.01650032041319872
7157,43,0.01650032041319872
6188,43,0.01650032041319872
8340,43,0.01650032041319872
162,43,0.01650032041319872
6145,43,0.01650032041319872
1521,43,0.01650032041319872
2409,43,0.01650032041319872
2074,43,0.01650032041319872
11413,43,0.01650032041319872
12307,43,0.01650032041319872
7066,43,0.01650032041319872
4004,43,0.01650032041319872
608,43,0.01650032041319872
12096,43,0.01650032041319872
10264,43,0.01650032041319872
11736,43,0.01650032041319872
1231,43,0.01650032041319872
1869,43,0.01650032041319872
6802,43,0.01650032041319872
1624,43,0.01650032041319872
10698,43,0.01650032041319872
2868,43,0.01650032041319872
6169,43,0.01650032041319872
2402,43,0.01650032041319872
9989,43,0.01650032041319872
5319,43,0.01650032041319872
2387,43,0.01650032041319872
1230,43,0.01650032041319872
6911,43,0.01650032041319872
2653,43,0.01650032041319872
5664,43,0.01650032041319872
316,43,0.01650032041319872
7260,42,0.016116592031496426
3417,42,0.016116592031496426
615,42,0.016116592031496426
4566,42,0.016116592031496426
9222,42,0.016116592031496426
640,42,0.016116592031496426
286,42,0.016116592031496426
5668,42,0.016116592031496426
9792,42,0.016116592031496426
6611,42,0.016116592031496426
1963,42,0.016116592031496426
4960,42,0.016116592031496426
651,42,0.016116592031496426
2064,42,0.016116592031496426
3862,42,0.016116592031496426
11594,42,0.016116592031496426
3918,42,0.016116592031496426
9310,42,0.016116592031496426
2066,42,0.016116592031496426
7516,42,0.016116592031496426
8654,42,0.016116592031496426
7671,42,0.016116592031496426
4730,42,0.016116592031496426
790,42,0.016116592031496426
4209,42,0.016116592031496426
3116,42,0.016116592031496426
12525,42,0.016116592031496426
8971,42,0.016116592031496426
1898,42,0.016116592031496426
12103,42,0.016116592031496426
9093,42,0.016116592031496426
6088,42,0.016116592031496426
5183,42,0.016116592031496426
5920,42,0.016116592031496426
9855,42,0.016116592031496426
862,42,0.016116592031496426
4772,42,0.016116592031496426
8275,42,0.016116592031496426
3807,42,0.016116592031496426
763,42,0.016116592031496426
4271,42,0.016116592031496426
5062,42,0.016116592031496426
6411,42,0.016116592031496426
3285,42,0.016116592031496426
9439,42,0.016116592031496426
164,42,0.016116592031496426
10437,42,0.016116592031496426
6746,42,0.016116592031496426
7746,42,0.016116592031496426
3749,42,0.016116592031496426
7337,42,0.016116592031496426
34,42,0.016116592031496426
6888,42,0.016116592031496426
9129,42,0.016116592031496426
8925,42,0.016116592031496426
9451,42,0.016116592031496426
2342,42,0.016116592031496426
1349,42,0.016116592031496426
8194,42,0.016116592031496426
12445,42,0.016116592031496426
6092,42,0.016116592031496426
9864,42,0.016116592031496426
1478,42,0.016116592031496426
3361,42,0.016116592031496426
6431,42,0.016116592031496426
3732,42,0.016116592031496426
8031,42,0.016116592031496426
10118,42,0.016116592031496426
6944,42,0.016116592031496426
9699,42,0.016116592031496426
8829,42,0.016116592031496426
4270,42,0.016116592031496426
11065,42,0.016116592031496426
9696,42,0.016116592031496426
6898,42,0.016116592031496426
4807,42,0.016116592031496426
4800,41,0.01573286364979413
8270,41,0.01573286364979413
2890,41,0.01573286364979413
7542,41,0.01573286364979413
11511,41,0.01573286364979413
3257,41,0.01573286364979413
9101,41,0.01573286364979413
3081,41,0.01573286364979413
6162,41,0.01573286364979413
352,41,0.01573286364979413
2949,41,0.01573286364979413
6839,41,0.01573286364979413
269,41,0.01573286364979413
11556,41,0.01573286364979413
4628,41,0.01573286364979413
1009,41,0.01573286364979413
6360,41,0.01573286364979413
2918,41,0.01573286364979413
387,41,0.01573286364979413
8866,41,0.01573286364979413
11617,41,0.01573286364979413
3473,41,0.01573286364979413
8510,41,0.01573286364979413
1463,41,0.01573286364979413
907,41,0.01573286364979413
4008,41,0.01573286364979413
9225,41,0.01573286364979413
1806,41,0.01573286364979413
4140,41,0.01573286364979413
7510,41,0.01573286364979413
4743,41,0.01573286364979413
7424,41,0.01573286364979413
2225,41,0.01573286364979413
619,41,0.01573286364979413
2549,41,0.01573286364979413
825,41,0.01573286364979413
12368,41,0.01573286364979413
7700,41,0.01573286364979413
150,41,0.01573286364979413
4802,41,0.01573286364979413
5231,41,0.01573286364979413
10605,41,0.01573286364979413
8557,41,0.01573286364979413
61,41,0.01573286364979413
8096,41,0.01573286364979413
4583,41,0.01573286364979413
11710,41,0.01573286364979413
7766,41,0.01573286364979413
9434,41,0.01573286364979413
8559,41,0.01573286364979413
12390,41,0.01573286364979413
3200,41,0.01573286364979413
5872,41,0.01573286364979413
9700,41,0.01573286364979413
3074,41,0.01573286364979413
3927,41,0.01573286364979413
7213,41,0.01573286364979413
739,41,0.01573286364979413
1270,41,0.01573286364979413
9739,41,0.01573286364979413
11639,41,0.01573286364979413
1066,41,0.01573286364979413
6939,41,0.01573286364979413
2464,41,0.01573286364979413
12114,41,0.01573286364979413
12286,41,0.01573286364979413
7405,41,0.01573286364979413
3617,41,0.01573286364979413
6432,41,0.01573286364979413
8665,41,0.01573286364979413
11550,41,0.01573286364979413
1353,41,0.01573286364979413
1723,41,0.01573286364979413
11553,41,0.01573286364979413
3551,41,0.01573286364979413
1926,41,0.01573286364979413
10216,41,0.01573286364979413
8243,41,0.01573286364979413
4245,41,0.01573286364979413
7879,40,0.015349135268091833
7008,40,0.015349135268091833
3272,40,0.015349135268091833
3060,40,0.015349135268091833
2140,40,0.015349135268091833
9112,40,0.015349135268091833
12209,40,0.015349135268091833
4497,40,0.015349135268091833
1956,40,0.015349135268091833
4586,40,0.015349135268091833
266,40,0.015349135268091833
7724,40,0.015349135268091833
3351,40,0.015349135268091833
3716,40,0.015349135268091833
6110,40,0.015349135268091833
10770,40,0.015349135268091833
219,40,0.015349135268091833
3910,40,0.015349135268091833
4241,40,0.015349135268091833
6757,40,0.015349135268091833
11727,40,0.015349135268091833
11476,40,0.015349135268091833
11745,40,0.015349135268091833
1700,40,0.015349135268091833
1996,40,0.015349135268091833
1981,40,0.015349135268091833
1044,40,0.015349135268091833
11088,40,0.015349135268091833
6078,40,0.015349135268091833
8519,40,0.015349135268091833
5020,40,0.015349135268091833
9281,40,0.015349135268091833
9655,40,0.015349135268091833
10135,40,0.015349135268091833
12161,40,0.015349135268091833
9329,40,0.015349135268091833
9826,40,0.015349135268091833
2463,40,0.015349135268091833
8461,40,0.015349135268091833
9516,40,0.015349135268091833
11000,40,0.015349135268091833
4189,40,0.015349135268091833
4210,40,0.015349135268091833
1501,40,0.015349135268091833
7111,40,0.015349135268091833
8197,40,0.015349135268091833
4042,40,0.015349135268091833
5774,40,0.015349135268091833
5085,40,0.015349135268091833
8415,40,0.015349135268091833
12155,40,0.015349135268091833
12259,40,0.015349135268091833
7205,40,0.015349135268091833
7593,40,0.015349135268091833
11270,40,0.015349135268091833
1531,40,0.015349135268091833
4440,40,0.015349135268091833
5689,40,0.015349135268091833
10462,40,0.015349135268091833
8047,40,0.015349135268091833
8806,40,0.015349135268091833
8684,40,0.015349135268091833
11873,40,0.015349135268091833
431,40,0.015349135268091833
11618,40,0.015349135268091833
5326,40,0.015349135268091833
9079,40,0.015349135268091833
8176,40,0.015349135268091833
4323,40,0.015349135268091833
6132,40,0.015349135268091833
9654,40,0.015349135268091833
9223,40,0.015349135268091833
1838,40,0.015349135268091833
4735,40,0.015349135268091833
258,40,0.015349135268091833
672,40,0.015349135268091833
2611,40,0.015349135268091833
4620,40,0.015349135268091833
5940,40,0.015349135268091833
4022,40,0.015349135268091833
6407,40,0.015349135268091833
3367,40,0.015349135268091833
24,40,0.015349135268091833
6573,40,0.015349135268091833
11775,40,0.015349135268091833
4500,40,0.015349135268091833
4832,40,0.015349135268091833
9725,40,0.015349135268091833
2929,40,0.015349135268091833
1092,40,0.015349135268091833
816,40,0.015349135268091833
9543,40,0.015349135268091833
4169,39,0.014965406886389537
4344,39,0.014965406886389537
7097,39,0.014965406886389537
9575,39,0.014965406886389537
10895,39,0.014965406886389537
843,39,0.014965406886389537
5025,39,0.014965406886389537
5958,39,0.014965406886389537
4784,39,0.014965406886389537
7663,39,0.014965406886389537
6983,39,0.014965406886389537
5051,39,0.014965406886389537
50,39,0.014965406886389537
1960,39,0.014965406886389537
7349,39,0.014965406886389537
7523,39,0.014965406886389537
11755,39,0.014965406886389537
1047,39,0.014965406886389537
11974,39,0.014965406886389537
5907,39,0.014965406886389537
3546,39,0.014965406886389537
3963,39,0.014965406886389537
8875,39,0.014965406886389537
8373,39,0.014965406886389537
6313,39,0.014965406886389537
987,39,0.014965406886389537
4249,39,0.014965406886389537
10769,39,0.014965406886389537
102,39,0.014965406886389537
7359,39,0.014965406886389537
8258,39,0.014965406886389537
8939,39,0.014965406886389537
5716,39,0.014965406886389537
5569,39,0.014965406886389537
10257,39,0.014965406886389537
8324,39,0.014965406886389537
91,39,0.014965406886389537
7082,39,0.014965406886389537
4962,39,0.014965406886389537
2263,39,0.014965406886389537
297,39,0.014965406886389537
3985,39,0.014965406886389537
1698,39,0.014965406886389537
6960,39,0.014965406886389537
7648,39,0.014965406886389537
11431,39,0.014965406886389537
4945,39,0.014965406886389537
11234,39,0.014965406886389537
1394,39,0.014965406886389537
10554,39,0.014965406886389537
7539,39,0.014965406886389537
4204,39,0.014965406886389537
3205,39,0.014965406886389537
5298,39,0.014965406886389537
9970,39,0.014965406886389537
4309,39,0.014965406886389537
4415,39,0.014965406886389537
8420,39,0.014965406886389537
8710,39,0.014965406886389537
1235,39,0.014965406886389537
12100,39,0.014965406886389537
12217,39,0.014965406886389537
6053,39,0.014965406886389537
10095,39,0.014965406886389537
2428,39,0.014965406886389537
6764,39,0.014965406886389537
2948,39,0.014965406886389537
8225,39,0.014965406886389537
7160,39,0.014965406886389537
10970,39,0.014965406886389537
5919,39,0.014965406886389537
4214,39,0.014965406886389537
7858,39,0.014965406886389537
12492,39,0.014965406886389537
7959,39,0.014965406886389537
1398,39,0.014965406886389537
10125,39,0.014965406886389537
4033,39,0.014965406886389537
501,39,0.014965406886389537
11883,39,0.014965406886389537
2529,39,0.014965406886389537
4584,39,0.014965406886389537
2067,39,0.014965406886389537
3398,39,0.014965406886389537
5480,39,0.014965406886389537
203,39,0.014965406886389537
1387,39,0.014965406886389537
2734,39,0.014965406886389537
5438,39,0.014965406886389537
8018,39,0.014965406886389537
9905,39,0.014965406886389537
5815,39,0.014965406886389537
8576,38,0.014581678504687242
1498,38,0.014581678504687242
6089,38,0.014581678504687242
10822,38,0.014581678504687242
4275,38,0.014581678504687242
12432,38,0.014581678504687242
4718,38,0.014581678504687242
8091,38,0.014581678504687242
11900,38,0.014581678504687242
139,38,0.014581678504687242
5479,38,0.014581678504687242
997,38,0.014581678504687242
10569,38,0.014581678504687242
8030,38,0.014581678504687242
5610,38,0.014581678504687242
6366,38,0.014581678504687242
2078,38,0.014581678504687242
4273,38,0.014581678504687242
1534,38,0.014581678504687242
5797,38,0.014581678504687242
8122,38,0.014581678504687242
7722,38,0.014581678504687242
2318,38,0.014581678504687242
10603,38,0.014581678504687242
4157,38,0.014581678504687242
10298,38,0.014581678504687242
16,38,0.014581678504687242
5762,38,0.014581678504687242
10745,38,0.014581678504687242
6697,38,0.014581678504687242
11543,38,0.014581678504687242
893,38,0.014581678504687242
10890,38,0.014581678504687242
9048,38,0.014581678504687242
7507,38,0.014581678504687242
5249,38,0.014581678504687242
9001,38,0.014581678504687242
7036,38,0.014581678504687242
4390,38,0.014581678504687242
6999,38,0.014581678504687242
2686,38,0.014581678504687242
12448,38,0.014581678504687242
3038,38,0.014581678504687242
4226,38,0.014581678504687242
3542,38,0.014581678504687242
12393,38,0.014581678504687242
2733,38,0.014581678504687242
2554,38,0.014581678504687242
4616,38,0.014581678504687242
12030,38,0.014581678504687242
9977,38,0.014581678504687242
2019,38,0.014581678504687242
1095,38,0.014581678504687242
8400,38,0.014581678504687242
4825,38,0.014581678504687242
8069,38,0.014581678504687242
7855,38,0.014581678504687242
12112,38,0.014581678504687242
1201,38,0.014581678504687242
10244,38,0.014581678504687242
9776,38,0.014581678504687242
3980,38,0.014581678504687242
9178,38,0.014581678504687242
1706,38,0.014581678504687242
8698,38,0.014581678504687242
4993,38,0.014581678504687242
3576,38,0.014581678504687242
530,38,0.014581678504687242
2639,38,0.014581678504687242
7650,38,0.014581678504687242
5096,38,0.014581678504687242
3517,38,0.014581678504687242
8970,38,0.014581678504687242
6530,38,0.014581678504687242
5795,38,0.014581678504687242
3453,38,0.014581678504687242
7608,38,0.014581678504687242
5535,38,0.014581678504687242
12342,38,0.014581678504687242
6477,38,0.014581678504687242
1423,38,0.014581678504687242
7209,38,0.014581678504687242
3409,38,0.014581678504687242
11941,38,0.014581678504687242
1852,37,0.014197950122984946
7928,37,0.014197950122984946
9525,37,0.014197950122984946
11637,37,0.014197950122984946
4412,37,0.014197950122984946
3451,37,0.014197950122984946
2986,37,0.014197950122984946
8963,37,0.014197950122984946
11651,37,0.014197950122984946
7762,37,0.014197950122984946
4839,37,0.014197950122984946
1939,37,0.014197950122984946
1626,37,0.014197950122984946
10541,37,0.014197950122984946
6713,37,0.014197950122984946
1282,37,0.014197950122984946
8511,37,0.014197950122984946
5192,37,0.014197950122984946
8450,37,0.014197950122984946
6842,37,0.014197950122984946
10646,37,0.014197950122984946
1382,37,0.014197950122984946
1308,37,0.014197950122984946
1684,37,0.014197950122984946
12540,37,0.014197950122984946
12121,37,0.014197950122984946
2351,37,0.014197950122984946
8067,37,0.014197950122984946
3758,37,0.014197950122984946
1168,37,0.014197950122984946
3801,37,0.014197950122984946
9894,37,0.014197950122984946
8406,37,0.014197950122984946
890,37,0.014197950122984946
3523,37,0.014197950122984946
6807,37,0.014197950122984946
6354,37,0.014197950122984946
4516,37,0.014197950122984946
609,37,0.014197950122984946
5684,37,0.014197950122984946
1123,37,0.014197950122984946
12082,37,0.014197950122984946
10542,37,0.014197950122984946
12198,37,0.014197950122984946
4621,37,0.014197950122984946
3424,37,0.014197950122984946
5562,37,0.014197950122984946
10629,37,0.014197950122984946
4837,37,0.014197950122984946
5909,37,0.014197950122984946
5698,37,0.014197950122984946
4869,37,0.014197950122984946
8984,37,0.014197950122984946
656,37,0.014197950122984946
9523,37,0.014197950122984946
10208,37,0.014197950122984946
8758,37,0.014197950122984946
2028,37,0.014197950122984946
6666,37,0.014197950122984946
1783,37,0.014197950122984946
7200,37,0.014197950122984946
2075,37,0.014197950122984946
5450,37,0.014197950122984946
3818,37,0.014197950122984946
5032,37,0.014197950122984946
12189,37,0.014197950122984946
12054,37,0.014197950122984946
9251,37,0.014197950122984946
3291,37,0.014197950122984946
10314,37,0.014197950122984946
5568,37,0.014197950122984946
12113,37,0.014197950122984946
10753,37,0.014197950122984946
7925,37,0.014197950122984946
6039,37,0.014197950122984946
7181,37,0.014197950122984946
2465,37,0.014197950122984946
7487,37,0.014197950122984946
5308,37,0.014197950122984946
11410,37,0.014197950122984946
12110,37,0.014197950122984946
12318,37,0.014197950122984946
821,37,0.014197950122984946
12340,37,0.014197950122984946
1455,37,0.014197950122984946
9583,37,0.014197950122984946
669,37,0.014197950122984946
10538,37,0.014197950122984946
11928,37,0.014197950122984946
12089,37,0.014197950122984946
11892,37,0.014197950122984946
1555,37,0.014197950122984946
9720,37,0.014197950122984946
11880,37,0.014197950122984946
9549,37,0.014197950122984946
8036,37,0.014197950122984946
5000,37,0.014197950122984946
2858,37,0.014197950122984946
10688,37,0.014197950122984946
5113,37,0.014197950122984946
959,37,0.014197950122984946
7219,37,0.014197950122984946
111,37,0.014197950122984946
5370,36,0.013814221741282651
9598,36,0.013814221741282651
4539,36,0.013814221741282651
202,36,0.013814221741282651
2532,36,0.013814221741282651
1497,36,0.013814221741282651
2719,36,0.013814221741282651
9684,36,0.013814221741282651
7333,36,0.013814221741282651
4147,36,0.013814221741282651
210,36,0.013814221741282651
7393,36,0.013814221741282651
3394,36,0.013814221741282651
10846,36,0.013814221741282651
11842,36,0.013814221741282651
6238,36,0.013814221741282651
5050,36,0.013814221741282651
7266,36,0.013814221741282651
3219,36,0.013814221741282651
8099,36,0.013814221741282651
2149,36,0.013814221741282651
11589,36,0.013814221741282651
1088,36,0.013814221741282651
1842,36,0.013814221741282651
11395,36,0.013814221741282651
7674,36,0.013814221741282651
11940,36,0.013814221741282651
632,36,0.013814221741282651
7654,36,0.013814221741282651
6288,36,0.013814221741282651
3377,36,0.013814221741282651
5818,36,0.013814221741282651
8328,36,0.013814221741282651
11914,36,0.013814221741282651
4238,36,0.013814221741282651
10830,36,0.013814221741282651
1439,36,0.013814221741282651
4003,36,0.013814221741282651
5180,36,0.013814221741282651
9758,36,0.013814221741282651
1180,36,0.013814221741282651
6253,36,0.013814221741282651
6501,36,0.013814221741282651
3623,36,0.013814221741282651
8681,36,0.013814221741282651
8017,36,0.013814221741282651
8045,36,0.013814221741282651
9072,36,0.013814221741282651
7916,36,0.013814221741282651
1243,36,0.013814221741282651
1372,36,0.013814221741282651
7782,36,0.013814221741282651
7273,36,0.013814221741282651
11058,36,0.013814221741282651
4166,36,0.013814221741282651
1935,36,0.013814221741282651
5126,36,0.013814221741282651
1973,36,0.013814221741282651
7329,36,0.013814221741282651
5368,36,0.013814221741282651
11331,36,0.013814221741282651
12462,36,0.013814221741282651
5313,36,0.013814221741282651
2071,36,0.013814221741282651
9126,36,0.013814221741282651
7386,36,0.013814221741282651
11024,36,0.013814221741282651
811,36,0.013814221741282651
7597,36,0.013814221741282651
6640,36,0.013814221741282651
9469,36,0.013814221741282651
8731,36,0.013814221741282651
3193,36,0.013814221741282651
2766,36,0.013814221741282651
3408,36,0.013814221741282651
10320,36,0.013814221741282651
12385,36,0.013814221741282651
3170,36,0.013814221741282651
9535,36,0.013814221741282651
8316,36,0.013814221741282651
4078,36,0.013814221741282651
5508,36,0.013814221741282651
4258,36,0.013814221741282651
10952,36,0.013814221741282651
3550,36,0.013814221741282651
11482,36,0.013814221741282651
10165,36,0.013814221741282651
5492,36,0.013814221741282651
847,36,0.013814221741282651
6048,36,0.013814221741282651
4835,36,0.013814221741282651
5904,36,0.013814221741282651
4715,36,0.013814221741282651
7456,36,0.013814221741282651
10948,36,0.013814221741282651
778,36,0.013814221741282651
6871,36,0.013814221741282651
9998,36,0.013814221741282651
10400,36,0.013814221741282651
5353,36,0.013814221741282651
8870,36,0.013814221741282651
8474,36,0.013814221741282651
10573,36,0.013814221741282651
7613,36,0.013814221741282651
9647,36,0.013814221741282651
10586,36,0.013814221741282651
1550,36,0.013814221741282651
10862,36,0.013814221741282651
2167,36,0.013814221741282651
3298,35,0.013430493359580355
1224,35,0.013430493359580355
6558,35,0.013430493359580355
5359,35,0.013430493359580355
2363,35,0.013430493359580355
5387,35,0.013430493359580355
5264,35,0.013430493359580355
6623,35,0.013430493359580355
9883,35,0.013430493359580355
10682,35,0.013430493359580355
4889,35,0.013430493359580355
1536,35,0.013430493359580355
11714,35,0.013430493359580355
11779,35,0.013430493359580355
10602,35,0.013430493359580355
823,35,0.013430493359580355
9232,35,0.013430493359580355
4384,35,0.013430493359580355
314,35,0.013430493359580355
6990,35,0.013430493359580355
1530,35,0.013430493359580355
11672,35,0.013430493359580355
1102,35,0.013430493359580355
11808,35,0.013430493359580355
92,35,0.013430493359580355
5355,35,0.013430493359580355
5960,35,0.013430493359580355
1319,35,0.013430493359580355
6691,35,0.013430493359580355
12494,35,0.013430493359580355
6692,35,0.013430493359580355
5593,35,0.013430493359580355
11555,35,0.013430493359580355
10132,35,0.013430493359580355
12348,35,0.013430493359580355
7961,35,0.013430493359580355
5965,35,0.013430493359580355
5616,35,0.013430493359580355
7863,35,0.013430493359580355
6228,35,0.013430493359580355
1000,35,0.013430493359580355
12336,35,0.013430493359580355
5968,35,0.013430493359580355
4614,35,0.013430493359580355
3729,35,0.013430493359580355
1824,35,0.013430493359580355
12222,35,0.013430493359580355
4660,35,0.013430493359580355
415,35,0.013430493359580355
6804,35,0.013430493359580355
6424,35,0.013430493359580355
10358,35,0.013430493359580355
7452,35,0.013430493359580355
1317,35,0.013430493359580355
4714,35,0.013430493359580355
169,35,0.013430493359580355
9070,35,0.013430493359580355
4753,35,0.013430493359580355
9147,35,0.013430493359580355
11611,35,0.013430493359580355
2487,35,0.013430493359580355
10763,35,0.013430493359580355
11302,35,0.013430493359580355
1237,35,0.013430493359580355
7521,35,0.013430493359580355
11175,35,0.013430493359580355
1576,35,0.013430493359580355
5277,35,0.013430493359580355
4785,35,0.013430493359580355
12059,35,0.013430493359580355
11777,35,0.013430493359580355
2816,35,0.013430493359580355
10712,35,0.013430493359580355
8537,35,0.013430493359580355
8685,35,0.013430493359580355
6725,35,0.013430493359580355
12016,35,0.013430493359580355
10497,35,0.013430493359580355
8549,35,0.013430493359580355
6245,35,0.013430493359580355
10741,35,0.013430493359580355
8410,35,0.013430493359580355
5212,35,0.013430493359580355
6426,35,0.013430493359580355
4386,35,0.013430493359580355
10804,35,0.013430493359580355
11085,35,0.013430493359580355
12014,35,0.013430493359580355
265,35,0.013430493359580355
9874,35,0.013430493359580355
8771,35,0.013430493359580355
6496,35,0.013430493359580355
4859,35,0.013430493359580355
2216,35,0.013430493359580355
4152,35,0.013430493359580355
9456,35,0.013430493359580355
8448,35,0.013430493359580355
9426,35,0.013430493359580355
7027,35,0.013430493359580355
10937,35,0.013430493359580355
12231,35,0.013430493359580355
8478,35,0.013430493359580355
4156,35,0.013430493359580355
738,35,0.013430493359580355
5107,35,0.013430493359580355
11356,35,0.013430493359580355
3858,35,0.013430493359580355
9355,35,0.013430493359580355
10693,35,0.013430493359580355
3449,35,0.013430493359580355
1413,35,0.013430493359580355
11371,35,0.013430493359580355
8952,34,0.013046764977878059
5288,34,0.013046764977878059
2395,34,0.013046764977878059
4461,34,0.013046764977878059
10781,34,0.013046764977878059
104,34,0.013046764977878059
11061,34,0.013046764977878059
6195,34,0.013046764977878059
4058,34,0.013046764977878059
4296,34,0.013046764977878059
12213,34,0.013046764977878059
1833,34,0.013046764977878059
4975,34,0.013046764977878059
328,34,0.013046764977878059
3483,34,0.013046764977878059
2055,34,0.013046764977878059
600,34,0.013046764977878059
4037,34,0.013046764977878059
1724,34,0.013046764977878059
6977,34,0.013046764977878059
7319,34,0.013046764977878059
11791,34,0.013046764977878059
5059,34,0.013046764977878059
11423,34,0.013046764977878059
3553,34,0.013046764977878059
4107,34,0.013046764977878059
5748,34,0.013046764977878059
11796,34,0.013046764977878059
119,34,0.013046764977878059
10915,34,0.013046764977878059
8998,34,0.013046764977878059
8321,34,0.013046764977878059
320,34,0.013046764977878059
8786,34,0.013046764977878059
12440,34,0.013046764977878059
359,34,0.013046764977878059
12420,34,0.013046764977878059
5261,34,0.013046764977878059
2518,34,0.013046764977878059
944,34,0.013046764977878059
2765,34,0.013046764977878059
8404,34,0.013046764977878059
8604,34,0.013046764977878059
10749,34,0.013046764977878059
9797,34,0.013046764977878059
7443,34,0.013046764977878059
10636,34,0.013046764977878059
5213,34,0.013046764977878059
122,34,0.013046764977878059
256,34,0.013046764977878059
5045,34,0.013046764977878059
11918,34,0.013046764977878059
10773,34,0.013046764977878059
3709,34,0.013046764977878059
3406,34,0.013046764977878059
8915,34,0.013046764977878059
454,34,0.013046764977878059
307,34,0.013046764977878059
791,34,0.013046764977878059
646,34,0.013046764977878059
11241,34,0.013046764977878059
6860,34,0.013046764977878059
11847,34,0.013046764977878059
8608,34,0.013046764977878059
5719,34,0.013046764977878059
10599,34,0.013046764977878059
4312,34,0.013046764977878059
1203,34,0.013046764977878059
4836,34,0.013046764977878059
1153,34,0.013046764977878059
2177,34,0.013046764977878059
1016,34,0.013046764977878059
12172,34,0.013046764977878059
1378,34,0.013046764977878059
7800,34,0.013046764977878059
9361,34,0.013046764977878059
716,34,0.013046764977878059
4205,34,0.013046764977878059
6070,34,0.013046764977878059
5493,34,0.013046764977878059
8489,34,0.013046764977878059
5708,34,0.013046764977878059
6730,34,0.013046764977878059
11844,34,0.013046764977878059
8967,34,0.013046764977878059
10735,34,0.013046764977878059
1876,34,0.013046764977878059
3506,34,0.013046764977878059
3297,34,0.013046764977878059
1753,34,0.013046764977878059
9524,34,0.013046764977878059
9015,34,0.013046764977878059
9567,34,0.013046764977878059
3785,34,0.013046764977878059
9966,34,0.013046764977878059
7430,34,0.013046764977878059
6762,34,0.013046764977878059
1175,34,0.013046764977878059
9213,34,0.013046764977878059
3974,34,0.013046764977878059
11329,34,0.013046764977878059
9253,34,0.013046764977878059
11631,34,0.013046764977878059
1487,34,0.013046764977878059
6076,34,0.013046764977878059
82,34,0.013046764977878059
9886,34,0.013046764977878059
5738,34,0.013046764977878059
837,34,0.013046764977878059
2809,33,0.012663036596175764
6217,33,0.012663036596175764
10776,33,0.012663036596175764
2696,33,0.012663036596175764
4736,33,0.012663036596175764
2621,33,0.012663036596175764
3838,33,0.012663036596175764
1169,33,0.012663036596175764
8857,33,0.012663036596175764
3845,33,0.012663036596175764
10041,33,0.012663036596175764
2434,33,0.012663036596175764
11396,33,0.012663036596175764
4913,33,0.012663036596175764
12111,33,0.012663036596175764
6553,33,0.012663036596175764
2642,33,0.012663036596175764
4883,33,0.012663036596175764
8801,33,0.012663036596175764
514,33,0.012663036596175764
4405,33,0.012663036596175764
4733,33,0.012663036596175764
2779,33,0.012663036596175764
8475,33,0.012663036596175764
2256,33,0.012663036596175764
9541,33,0.012663036596175764
3250,33,0.012663036596175764
560,33,0.012663036596175764
10140,33,0.012663036596175764
542,33,0.012663036596175764
8133,33,0.012663036596175764
10608,33,0.012663036596175764
5123,33,0.012663036596175764
3028,33,0.012663036596175764
7889,33,0.012663036596175764
3672,33,0.012663036596175764
12116,33,0.012663036596175764
9354,33,0.012663036596175764
6739,33,0.012663036596175764
6965,33,0.012663036596175764
10179,33,0.012663036596175764
10074,33,0.012663036596175764
1771,33,0.012663036596175764
9416,33,0.012663036596175764
12537,33,0.012663036596175764
7324,33,0.012663036596175764
3851,33,0.012663036596175764
2369,33,0.012663036596175764
2521,33,0.012663036596175764
10079,33,0.012663036596175764
7743,33,0.012663036596175764
5467,33,0.012663036596175764
1773,33,0.012663036596175764
9209,33,0.012663036596175764
1752,33,0.012663036596175764
7870,33,0.012663036596175764
3982,33,0.012663036596175764
4579,33,0.012663036596175764
5388,33,0.012663036596175764
11282,33,0.012663036596175764
273,33,0.012663036596175764
10155,33,0.012663036596175764
3690,33,0.012663036596175764
10841,33,0.012663036596175764
6018,33,0.012663036596175764
10785,33,0.012663036596175764
4963,33,0.012663036596175764
3720,33,0.012663036596175764
2155,33,0.012663036596175764
113,33,0.012663036596175764
1617,33,0.012663036596175764
3416,33,0.012663036596175764
6735,33,0.012663036596175764
9397,33,0.012663036596175764
9858,33,0.012663036596175764
7573,33,0.012663036596175764
7176,33,0.012663036596175764
363,33,0.012663036596175764
2852,33,0.012663036596175764
8114,33,0.012663036596175764
2632,33,0.012663036596175764
2714,33,0.012663036596175764
2088,33,0.012663036596175764
11025,33,0.012663036596175764
1112,33,0.012663036596175764
11132,33,0.012663036596175764
10571,33,0.012663036596175764
9835,33,0.012663036596175764
9606,33,0.012663036596175764
12247,33,0.012663036596175764
5985,33,0.012663036596175764
8466,33,0.012663036596175764
10051,33,0.012663036596175764
8816,33,0.012663036596175764
12414,33,0.012663036596175764
9181,33,0.012663036596175764
11887,33,0.012663036596175764
7586,33,0.012663036596175764
5599,33,0.012663036596175764
9887,33,0.012663036596175764
8137,33,0.012663036596175764
7390,33,0.012663036596175764
2033,33,0.012663036596175764
3106,33,0.012663036596175764
3979,33,0.012663036596175764
2526,33,0.012663036596175764
11773,33,0.012663036596175764
5338,33,0.012663036596175764
7435,33,0.012663036596175764
7689,33,0.012663036596175764
9580,33,0.012663036596175764
4054,32,0.012279308214473468
9351,32,0.012279308214473468
4434,32,0.012279308214473468
7887,32,0.012279308214473468
966,32,0.012279308214473468
9132,32,0.012279308214473468
10326,32,0.012279308214473468
12276,32,0.012279308214473468
10373,32,0.012279308214473468
6655,32,0.012279308214473468
838,32,0.012279308214473468
4350,32,0.012279308214473468
3595,32,0.012279308214473468
8242,32,0.012279308214473468
11730,32,0.012279308214473468
5669,32,0.012279308214473468
5845,32,0.012279308214473468
5994,32,0.012279308214473468
6850,32,0.012279308214473468
4334,32,0.012279308214473468
2456,32,0.012279308214473468
1922,32,0.012279308214473468
6790,32,0.012279308214473468
5195,32,0.012279308214473468
6627,32,0.012279308214473468
5825,32,0.012279308214473468
10532,32,0.012279308214473468
11643,32,0.012279308214473468
3670,32,0.012279308214473468
6016,32,0.012279308214473468
9100,32,0.012279308214473468
6210,32,0.012279308214473468
7774,32,0.012279308214473468
8534,32,0.012279308214473468
7129,32,0.012279308214473468
1191,32,0.012279308214473468
403,32,0.012279308214473468
11946,32,0.012279308214473468
5035,32,0.012279308214473468
3644,32,0.012279308214473468
1125,32,0.012279308214473468
7336,32,0.012279308214473468
3027,32,0.012279308214473468
6075,32,0.012279308214473468
1893,32,0.012279308214473468
10328,32,0.012279308214473468
7262,32,0.012279308214473468
10300,32,0.012279308214473468
2470,32,0.012279308214473468
176,32,0.012279308214473468
801,32,0.012279308214473468
6641,32,0.012279308214473468
5520,32,0.012279308214473468
995,32,0.012279308214473468
718,32,0.012279308214473468
4044,32,0.012279308214473468
11609,32,0.012279308214473468
9719,32,0.012279308214473468
4089,32,0.012279308214473468
105,32,0.012279308214473468
5752,32,0.012279308214473468
3157,32,0.012279308214473468
380,32,0.012279308214473468
12138,32,0.012279308214473468
11691,32,0.012279308214473468
7305,32,0.012279308214473468
3543,32,0.012279308214473468
9733,32,0.012279308214473468
4931,32,0.012279308214473468
12073,32,0.012279308214473468
3564,32,0.012279308214473468
8512,32,0.012279308214473468
9639,32,0.012279308214473468
8580,32,0.012279308214473468
6798,32,0.012279308214473468
12171,32,0.012279308214473468
8913,32,0.012279308214473468
12265,32,0.012279308214473468
11836,32,0.012279308214473468
10090,32,0.012279308214473468
1691,32,0.012279308214473468
345,32,0.012279308214473468
12268,32,0.012279308214473468
390,32,0.012279308214473468
1371,32,0.012279308214473468
8712,32,0.012279308214473468
6515,32,0.012279308214473468
1909,32,0.012279308214473468
7899,32,0.012279308214473468
6547,32,0.012279308214473468
3638,32,0.012279308214473468
9693,32,0.012279308214473468
10730,32,0.012279308214473468
520,32,0.012279308214473468
856,32,0.012279308214473468
2335,32,0.012279308214473468
8960,32,0.012279308214473468
10177,32,0.012279308214473468
1053,32,0.012279308214473468
950,31,0.011895579832771171
7406,31,0.011895579832771171
11725,31,0.011895579832771171
9042,31,0.011895579832771171
11428,31,0.011895579832771171
313,31,0.011895579832771171
9241,31,0.011895579832771171
8851,31,0.011895579832771171
7451,31,0.011895579832771171
9961,31,0.011895579832771171
11728,31,0.011895579832771171
12406,31,0.011895579832771171
9618,31,0.011895579832771171
8407,31,0.011895579832771171
4428,31,0.011895579832771171
8215,31,0.011895579832771171
5606,31,0.011895579832771171
7504,31,0.011895579832771171
1328,31,0.011895579832771171
10284,31,0.011895579832771171
1917,31,0.011895579832771171
12248,31,0.011895579832771171
1479,31,0.011895579832771171
10517,31,0.011895579832771171
7128,31,0.011895579832771171
11391,31,0.011895579832771171
2859,31,0.011895579832771171
9605,31,0.011895579832771171
94,31,0.011895579832771171
1285,31,0.011895579832771171
510,31,0.011895579832771171
5851,31,0.011895579832771171
1512,31,0.011895579832771171
4551,31,0.011895579832771171
12092,31,0.011895579832771171
10027,31,0.011895579832771171
4576,31,0.011895579832771171
7909,31,0.011895579832771171
6207,31,0.011895579832771171
400,31,0.011895579832771171
6341,31,0.011895579832771171
6717,31,0.011895579832771171
6198,31,0.011895579832771171
7152,31,0.011895579832771171
4087,31,0.011895579832771171
7647,31,0.011895579832771171
12225,31,0.011895579832771171
8656,31,0.011895579832771171
3187,31,0.011895579832771171
2281,31,0.011895579832771171
9561,31,0.011895579832771171
3010,31,0.011895579832771171
1496,31,0.011895579832771171
8,31,0.011895579832771171
5284,31,0.011895579832771171
12065,31,0.011895579832771171
894,31,0.011895579832771171
9076,31,0.011895579832771171
11832,31,0.011895579832771171
5187,31,0.011895579832771171
4382,31,0.011895579832771171
12439,31,0.011895579832771171
10293,31,0.011895579832771171
4110,31,0.011895579832771171
7023,31,0.011895579832771171
4892,31,0.011895579832771171
9671,31,0.011895579832771171
921,31,0.011895579832771171
11514,31,0.011895579832771171
3370,31,0.011895579832771171
9704,31,0.011895579832771171
6316,31,0.011895579832771171
6600,31,0.011895579832771171
8547,31,0.011895579832771171
10694,31,0.011895579832771171
11999,31,0.011895579832771171
9210,31,0.011895579832771171
5220,31,0.011895579832771171
11644,31,0.011895579832771171
3737,31,0.011895579832771171
6332,31,0.011895579832771171
10425,31,0.011895579832771171
7963,31,0.011895579832771171
12484,31,0.011895579832771171
11029,31,0.011895579832771171
5886,31,0.011895579832771171
5340,31,0.011895579832771171
4506,31,0.011895579832771171
10639,31,0.011895579832771171
10291,31,0.011895579832771171
8896,31,0.011895579832771171
3538,31,0.011895579832771171
4711,31,0.011895579832771171
3619,31,0.011895579832771171
8700,31,0.011895579832771171
3875,31,0.011895579832771171
9836,31,0.011895579832771171
6093,31,0.011895579832771171
11993,31,0.011895579832771171
736,31,0.011895579832771171
9419,31,0.011895579832771171
5980,31,0.011895579832771171
6847,31,0.011895579832771171
4158,31,0.011895579832771171
4150,31,0.011895579832771171
3034,31,0.011895579832771171
7636,31,0.011895579832771171
8804,31,0.011895579832771171
9975,31,0.011895579832771171
8596,31,0.011895579832771171
6690,31,0.011895579832771171
484,31,0.011895579832771171
8109,31,0.011895579832771171
112,31,0.011895579832771171
11149,31,0.011895579832771171
814,31,0.011895579832771171
367,31,0.011895579832771171
9121,31,0.011895579832771171
8280,31,0.011895579832771171
6297,31,0.011895579832771171
11106,31,0.011895579832771171
7279,31,0.011895579832771171
3133,31,0.011895579832771171
4705,31,0.011895579832771171
1005,31,0.011895579832771171
11473,31,0.011895579832771171
7519,31,0.011895579832771171
11843,31,0.011895579832771171
5967,31,0.011895579832771171
1450,31,0.011895579832771171
4922,31,0.011895579832771171
12219,31,0.011895579832771171
8059,30,0.011511851451068875
3076,30,0.011511851451068875
9356,30,0.011511851451068875
12284,30,0.011511851451068875
7414,30,0.011511851451068875
8441,30,0.011511851451068875
7625,30,0.011511851451068875
2394,30,0.011511851451068875
10633,30,0.011511851451068875
5834,30,0.011511851451068875
10356,30,0.011511851451068875
1547,30,0.011511851451068875
582,30,0.011511851451068875
6517,30,0.011511851451068875
1445,30,0.011511851451068875
10621,30,0.011511851451068875
7839,30,0.011511851451068875
12102,30,0.011511851451068875
8671,30,0.011511851451068875
3401,30,0.011511851451068875
6453,30,0.011511851451068875
10081,30,0.011511851451068875
6570,30,0.011511851451068875
10311,30,0.011511851451068875
8834,30,0.011511851451068875
526,30,0.011511851451068875
1870,30,0.011511851451068875
9903,30,0.011511851451068875
7022,30,0.011511851451068875
892,30,0.011511851451068875
6801,30,0.011511851451068875
11417,30,0.011511851451068875
7877,30,0.011511851451068875
1174,30,0.011511851451068875
3186,30,0.011511851451068875
12142,30,0.011511851451068875
3894,30,0.011511851451068875
2960,30,0.011511851451068875
252,30,0.011511851451068875
10066,30,0.011511851451068875
5747,30,0.011511851451068875
12516,30,0.011511851451068875
12553,30,0.011511851451068875
4059,30,0.011511851451068875
4456,30,0.011511851451068875
900,30,0.011511851451068875
11938,30,0.011511851451068875
8514,30,0.011511851451068875
5013,30,0.011511851451068875
2866,30,0.011511851451068875
2821,30,0.011511851451068875
9399,30,0.011511851451068875
7330,30,0.011511851451068875
9984,30,0.011511851451068875
3658,30,0.011511851451068875
417,30,0.011511851451068875
4173,30,0.011511851451068875
5117,30,0.011511851451068875
4756,30,0.011511851451068875
11332,30,0.011511851451068875
942,30,0.011511851451068875
5204,30,0.011511851451068875
3935,30,0.011511851451068875
1409,30,0.011511851451068875
2130,30,0.011511851451068875
4495,30,0.011511851451068875
5152,30,0.011511851451068875
9487,30,0.011511851451068875
6935,30,0.011511851451068875
4183,30,0.011511851451068875
4187,30,0.011511851451068875
7434,30,0.011511851451068875
2720,30,0.011511851451068875
11144,30,0.011511851451068875
2198,30,0.011511851451068875
8628,30,0.011511851451068875
2524,30,0.011511851451068875
11089,30,0.011511851451068875
11786,30,0.011511851451068875
5488,30,0.011511851451068875
8266,30,0.011511851451068875
11790,30,0.011511851451068875
7865,30,0.011511851451068875
3208,30,0.011511851451068875
10612,30,0.011511851451068875
7201,30,0.011511851451068875
7461,30,0.011511851451068875
2530,30,0.011511851451068875
10319,30,0.011511851451068875
8861,30,0.011511851451068875
5641,30,0.011511851451068875
8013,30,0.011511851451068875
8824,30,0.011511851451068875
7077,30,0.011511851451068875
12242,30,0.011511851451068875
8361,30,0.011511851451068875
2512,30,0.011511851451068875
4367,30,0.011511851451068875
4536,30,0.011511851451068875
9848,30,0.011511851451068875
10611,30,0.011511851451068875
11075,30,0.011511851451068875
4122,30,0.011511851451068875
7957,30,0.011511851451068875
7429,30,0.011511851451068875
11680,30,0.011511851451068875
2641,30,0.011511851451068875
5875,30,0.011511851451068875
7731,30,0.011511851451068875
9224,30,0.011511851451068875
6148,30,0.011511851451068875
7175,30,0.011511851451068875
8593,30,0.011511851451068875
8756,30,0.011511851451068875
11002,30,0.011511851451068875
4657,30,0.011511851451068875
10866,30,0.011511851451068875
3701,30,0.011511851451068875
9769,30,0.011511851451068875
6054,30,0.011511851451068875
1028,30,0.011511851451068875
515,30,0.011511851451068875
605,30,0.011511851451068875
10526,30,0.011511851451068875
623,30,0.011511851451068875
5046,30,0.011511851451068875
2947,30,0.011511851451068875
10690,29,0.01112812306936658
5168,29,0.01112812306936658
6710,29,0.01112812306936658
2499,29,0.01112812306936658
9782,29,0.01112812306936658
7047,29,0.01112812306936658
8094,29,0.01112812306936658
6290,29,0.01112812306936658
10457,29,0.01112812306936658
9158,29,0.01112812306936658
3879,29,0.01112812306936658
7356,29,0.01112812306936658
2125,29,0.01112812306936658
3664,29,0.01112812306936658
8802,29,0.01112812306936658
2259,29,0.01112812306936658
205,29,0.01112812306936658
4433,29,0.01112812306936658
8203,29,0.01112812306936658
1218,29,0.01112812306936658
3223,29,0.01112812306936658
11047,29,0.01112812306936658
6594,29,0.01112812306936658
1845,29,0.01112812306936658
5210,29,0.01112812306936658
10000,29,0.01112812306936658
11068,29,0.01112812306936658
8491,29,0.01112812306936658
7711,29,0.01112812306936658
6727,29,0.01112812306936658
5471,29,0.01112812306936658
4974,29,0.01112812306936658
11711,29,0.01112812306936658
3888,29,0.01112812306936658
11667,29,0.01112812306936658
3654,29,0.01112812306936658
8164,29,0.01112812306936658
11947,29,0.01112812306936658
5004,29,0.01112812306936658
9576,29,0.01112812306936658
5938,29,0.01112812306936658
12269,29,0.01112812306936658
7564,29,0.01112812306936658
2782,29,0.01112812306936658
8996,29,0.01112812306936658
5981,29,0.01112812306936658
12200,29,0.01112812306936658
7195,29,0.01112812306936658
6400,29,0.01112812306936658
3839,29,0.01112812306936658
9367,29,0.01112812306936658
9911,29,0.01112812306936658
2089,29,0.01112812306936658
4512,29,0.01112812306936658
7007,29,0.01112812306936658
4356,29,0.01112812306936658
6667,29,0.01112812306936658
4201,29,0.01112812306936658
12362,29,0.01112812306936658
10566,29,0.01112812306936658
12160,29,0.01112812306936658
10792,29,0.01112812306936658
7030,29,0.01112812306936658
1627,29,0.01112812306936658
5136,29,0.01112812306936658
1471,29,0.01112812306936658
10644,29,0.01112812306936658
1406,29,0.01112812306936658
7484,29,0.01112812306936658
7171,29,0.01112812306936658
411,29,0.01112812306936658
1429,29,0.01112812306936658
11943,29,0.01112812306936658
8076,29,0.01112812306936658
2785,29,0.01112812306936658
8222,29,0.01112812306936658
3666,29,0.01112812306936658
670,29,0.01112812306936658
4018,29,0.01112812306936658
2935,29,0.01112812306936658
83,29,0.01112812306936658
6687,29,0.01112812306936658
7693,29,0.01112812306936658
1292,29,0.01112812306936658
55,29,0.01112812306936658
2189,29,0.01112812306936658
9343,29,0.01112812306936658
7704,29,0.01112812306936658
10655,29,0.01112812306936658
8171,29,0.01112812306936658
5921,29,0.01112812306936658
3746,29,0.01112812306936658
9956,29,0.01112812306936658
10956,29,0.01112812306936658
291,29,0.01112812306936658
9841,29,0.01112812306936658
6618,29,0.01112812306936658
6200,29,0.01112812306936658
1525,29,0.01112812306936658
3403,29,0.01112812306936658
2372,29,0.01112812306936658
9423,29,0.01112812306936658
12532,29,0.01112812306936658
1249,29,0.01112812306936658
11042,29,0.01112812306936658
2447,29,0.01112812306936658
5145,29,0.01112812306936658
10038,29,0.01112812306936658
3113,29,0.01112812306936658
7177,29,0.01112812306936658
2718,29,0.01112812306936658
10469,29,0.01112812306936658
8966,29,0.01112812306936658
6049,29,0.01112812306936658
25,29,0.01112812306936658
99,29,0.01112812306936658
6930,29,0.01112812306936658
8798,29,0.01112812306936658
2187,29,0.01112812306936658
11761,29,0.01112812306936658
2158,29,0.01112812306936658
11763,29,0.01112812306936658
7438,29,0.01112812306936658
2040,29,0.01112812306936658
10087,29,0.01112812306936658
10258,29,0.01112812306936658
5918,29,0.01112812306936658
10869,29,0.01112812306936658
7552,29,0.01112812306936658
5138,29,0.01112812306936658
1795,29,0.01112812306936658
12193,29,0.01112812306936658
6362,29,0.01112812306936658
7187,29,0.01112812306936658
5879,29,0.01112812306936658
7798,29,0.01112812306936658
11813,29,0.01112812306936658
1468,29,0.01112812306936658
9889,29,0.01112812306936658
209,29,0.01112812306936658
12295,29,0.01112812306936658
8183,29,0.01112812306936658
11367,29,0.01112812306936658
5995,29,0.01112812306936658
1266,29,0.01112812306936658
4462,28,0.010744394687664284
10033,28,0.010744394687664284
9740,28,0.010744394687664284
12526,28,0.010744394687664284
8938,28,0.010744394687664284
3881,28,0.010744394687664284
5442,28,0.010744394687664284
10949,28,0.010744394687664284
5428,28,0.010744394687664284
5460,28,0.010744394687664284
5342,28,0.010744394687664284
9174,28,0.010744394687664284
10490,28,0.010744394687664284
317,28,0.010744394687664284
11931,28,0.010744394687664284
4952,28,0.010744394687664284
5137,28,0.010744394687664284
3713,28,0.010744394687664284
3794,28,0.010744394687664284
6450,28,0.010744394687664284
5829,28,0.010744394687664284
4712,28,0.010744394687664284
3240,28,0.010744394687664284
4871,28,0.010744394687664284
2538,28,0.010744394687664284
1993,28,0.010744394687664284
734,28,0.010744394687664284
9847,28,0.010744394687664284
5722,28,0.010744394687664284
9350,28,0.010744394687664284
10184,28,0.010744394687664284
5589,28,0.010744394687664284
10017,28,0.010744394687664284
10900,28,0.010744394687664284
1875,28,0.010744394687664284
10393,28,0.010744394687664284
2220,28,0.010744394687664284
7956,28,0.010744394687664284
11407,28,0.010744394687664284
3315,28,0.010744394687664284
12486,28,0.010744394687664284
1686,28,0.010744394687664284
3465,28,0.010744394687664284
1620,28,0.010744394687664284
4933,28,0.010744394687664284
6074,28,0.010744394687664284
3591,28,0.010744394687664284
12281,28,0.010744394687664284
10606,28,0.010744394687664284
2082,28,0.010744394687664284
10922,28,0.010744394687664284
5170,28,0.010744394687664284
4123,28,0.010744394687664284
880,28,0.010744394687664284
7418,28,0.010744394687664284
6877,28,0.010744394687664284
566,28,0.010744394687664284
8472,28,0.010744394687664284
8550,28,0.010744394687664284
5509,28,0.010744394687664284
7054,28,0.010744394687664284
12124,28,0.010744394687664284
817,28,0.010744394687664284
4754,28,0.010744394687664284
3249,28,0.010744394687664284
9301,28,0.010744394687664284
685,28,0.010744394687664284
7394,28,0.010744394687664284
9194,28,0.010744394687664284
7905,28,0.010744394687664284
5191,28,0.010744394687664284
10764,28,0.010744394687664284
11209,28,0.010744394687664284
697,28,0.010744394687664284
5826,28,0.010744394687664284
10870,28,0.010744394687664284
7692,28,0.010744394687664284
6342,28,0.010744394687664284
4327,28,0.010744394687664284
11127,28,0.010744394687664284
7287,28,0.010744394687664284
6537,28,0.010744394687664284
5676,28,0.010744394687664284
8920,28,0.010744394687664284
8663,28,0.010744394687664284
5741,28,0.010744394687664284
2956,28,0.010744394687664284
8423,28,0.010744394687664284
4266,28,0.010744394687664284
5222,28,0.010744394687664284
7149,28,0.010744394687664284
3379,28,0.010744394687664284
2962,28,0.010744394687664284
5235,28,0.010744394687664284
5624,28,0.010744394687664284
6907,28,0.010744394687664284
938,28,0.010744394687664284
264,28,0.010744394687664284
9846,28,0.010744394687664284
5272,28,0.010744394687664284
3374,28,0.010744394687664284
2385,28,0.010744394687664284
12341,28,0.010744394687664284
2227,28,0.010744394687664284
11814,28,0.010744394687664284
6457,28,0.010744394687664284
274,28,0.010744394687664284
2577,28,0.010744394687664284
678,28,0.010744394687664284
1868,28,0.010744394687664284
5862,28,0.010744394687664284
12356,28,0.010744394687664284
10600,28,0.010744394687664284
10450,28,0.010744394687664284
10274,28,0.010744394687664284
2143,28,0.010744394687664284
126,28,0.010744394687664284
11019,28,0.010744394687664284
4034,28,0.010744394687664284
4138,28,0.010744394687664284
2744,28,0.010744394687664284
9951,28,0.010744394687664284
3002,28,0.010744394687664284
6133,28,0.010744394687664284
9930,28,0.010744394687664284
1170,28,0.010744394687664284
5365,28,0.010744394687664284
1347,28,0.010744394687664284
9438,28,0.010744394687664284
6331,28,0.010744394687664284
1867,28,0.010744394687664284
2292,28,0.010744394687664284
2845,28,0.010744394687664284
2341,28,0.010744394687664284
7536,28,0.010744394687664284
12399,28,0.010744394687664284
4890,28,0.010744394687664284
2247,28,0.010744394687664284
7249,28,0.010744394687664284
7496,28,0.010744394687664284
4968,28,0.010744394687664284
8494,28,0.010744394687664284
7997,28,0.010744394687664284
8118,28,0.010744394687664284
12062,28,0.010744394687664284
5887,28,0.010744394687664284
11683,28,0.010744394687664284
7340,28,0.010744394687664284
4533,28,0.010744394687664284
7112,28,0.010744394687664284
7831,28,0.010744394687664284
11128,28,0.010744394687664284
1122,28,0.010744394687664284
9071,28,0.010744394687664284
2625,28,0.010744394687664284
2034,28,0.010744394687664284
6143,28,0.010744394687664284
5628,28,0.010744394687664284
10144,27,0.010360666305961988
1078,27,0.010360666305961988
701,27,0.010360666305961988
11503,27,0.010360666305961988
1517,27,0.010360666305961988
11119,27,0.010360666305961988
9944,27,0.010360666305961988
6895,27,0.010360666305961988
3665,27,0.010360666305961988
1718,27,0.010360666305961988
11161,27,0.010360666305961988
2168,27,0.010360666305961988
1592,27,0.010360666305961988
1225,27,0.010360666305961988
9860,27,0.010360666305961988
6323,27,0.010360666305961988
5172,27,0.010360666305961988
11787,27,0.010360666305961988
8638,27,0.010360666305961988
6499,27,0.010360666305961988
10853,27,0.010360666305961988
1426,27,0.010360666305961988
2000,27,0.010360666305961988
72,27,0.010360666305961988
2373,27,0.010360666305961988
10283,27,0.010360666305961988
1268,27,0.010360666305961988
149,27,0.010360666305961988
7202,27,0.010360666305961988
2946,27,0.010360666305961988
5607,27,0.010360666305961988
12180,27,0.010360666305961988
5715,27,0.010360666305961988
8707,27,0.010360666305961988
7770,27,0.010360666305961988
7881,27,0.010360666305961988
11112,27,0.010360666305961988
6813,27,0.010360666305961988
951,27,0.010360666305961988
2575,27,0.010360666305961988
6525,27,0.010360666305961988
5142,27,0.010360666305961988
6306,27,0.010360666305961988
6464,27,0.010360666305961988
10593,27,0.010360666305961988
11268,27,0.010360666305961988
5558,27,0.010360666305961988
551,27,0.010360666305961988
6134,27,0.010360666305961988
1896,27,0.010360666305961988
541,27,0.010360666305961988
1866,27,0.010360666305961988
1311,27,0.010360666305961988
12387,27,0.010360666305961988
4578,27,0.010360666305961988
2164,27,0.010360666305961988
10032,27,0.010360666305961988
5403,27,0.010360666305961988
8428,27,0.010360666305961988
11401,27,0.010360666305961988
10989,27,0.010360666305961988
11467,27,0.010360666305961988
6079,27,0.010360666305961988
12131,27,0.010360666305961988
5539,27,0.010360666305961988
6229,27,0.010360666305961988
10968,27,0.010360666305961988
3274,27,0.010360666305961988
3072,27,0.010360666305961988
3934,27,0.010360666305961988
5661,27,0.010360666305961988
260,27,0.010360666305961988
6945,27,0.010360666305961988
9839,27,0.010360666305961988
7904,27,0.010360666305961988
10553,27,0.010360666305961988
6294,27,0.010360666305961988
6608,27,0.010360666305961988
2478,27,0.010360666305961988
3125,27,0.010360666305961988
1754,27,0.010360666305961988
7919,27,0.010360666305961988
1355,27,0.010360666305961988
8026,27,0.010360666305961988
1881,27,0.010360666305961988
2139,27,0.010360666305961988
4161,27,0.010360666305961988
9498,27,0.010360666305961988
7045,27,0.010360666305961988
797,27,0.010360666305961988
11240,27,0.010360666305961988
1799,27,0.010360666305961988
2993,27,0.010360666305961988
6438,27,0.010360666305961988
10671,27,0.010360666305961988
11077,27,0.010360666305961988
11475,27,0.010360666305961988
12513,27,0.010360666305961988
4543,27,0.010360666305961988
5939,27,0.010360666305961988
11665,27,0.010360666305961988
6866,27,0.010360666305961988
9380,27,0.010360666305961988
859,27,0.010360666305961988
7734,27,0.010360666305961988
5041,27,0.010360666305961988
2213,27,0.010360666305961988
10585,27,0.010360666305961988
6654,27,0.010360666305961988
5486,27,0.010360666305961988
11741,27,0.010360666305961988
8240,27,0.010360666305961988
4994,27,0.010360666305961988
10321,27,0.010360666305961988
4105,27,0.010360666305961988
4502,27,0.010360666305961988
8005,27,0.010360666305961988
8686,27,0.010360666305961988
12292,27,0.010360666305961988
3727,27,0.010360666305961988
3388,27,0.010360666305961988
9901,27,0.010360666305961988
6834,27,0.010360666305961988
550,27,0.010360666305961988
8060,27,0.010360666305961988
4633,27,0.010360666305961988
2674,27,0.010360666305961988
3299,27,0.010360666305961988
6855,27,0.010360666305961988
8307,27,0.010360666305961988
6552,27,0.010360666305961988
12310,27,0.010360666305961988
6561,27,0.010360666305961988
1089,27,0.010360666305961988
910,27,0.010360666305961988
3778,27,0.010360666305961988
958,27,0.010360666305961988
1204,27,0.010360666305961988
5380,27,0.010360666305961988
7073,27,0.010360666305961988
3320,27,0.010360666305961988
8029,27,0.010360666305961988
7282,27,0.010360666305961988
6504,27,0.010360666305961988
5099,27,0.010360666305961988
2635,27,0.010360666305961988
9518,27,0.010360666305961988
4261,27,0.010360666305961988
1709,27,0.010360666305961988
11020,26,0.009976937924259691
7590,26,0.009976937924259691
11221,26,0.009976937924259691
1643,26,0.009976937924259691
155,26,0.009976937924259691
4976,26,0.009976937924259691
11890,26,0.009976937924259691
6358,26,0.009976937924259691
5778,26,0.009976937924259691
504,26,0.009976937924259691
626,26,0.009976937924259691
2052,26,0.009976937924259691
8476,26,0.009976937924259691
8589,26,0.009976937924259691
141,26,0.009976937924259691
7687,26,0.009976937924259691
6578,26,0.009976937924259691
304,26,0.009976937924259691
4789,26,0.009976937924259691
10421,26,0.009976937924259691
10982,26,0.009976937924259691
8933,26,0.009976937924259691
11771,26,0.009976937924259691
9747,26,0.009976937924259691
5908,26,0.009976937924259691
512,26,0.009976937924259691
3042,26,0.009976937924259691
10650,26,0.009976937924259691
8740,26,0.009976937924259691
7454,26,0.009976937924259691
10838,26,0.009976937924259691
12040,26,0.009976937924259691
974,26,0.009976937924259691
10050,26,0.009976937924259691
9981,26,0.009976937924259691
6913,26,0.009976937924259691
4086,26,0.009976937924259691
8281,26,0.009976937924259691
6943,26,0.009976937924259691
3943,26,0.009976937924259691
1835,26,0.009976937924259691
8256,26,0.009976937924259691
4874,26,0.009976937924259691
5523,26,0.009976937924259691
11576,26,0.009976937924259691
7554,26,0.009976937924259691
12477,26,0.009976937924259691
6718,26,0.009976937924259691
7300,26,0.009976937924259691
9560,26,0.009976937924259691
11625,26,0.009976937924259691
7677,26,0.009976937924259691
3502,26,0.009976937924259691
8827,26,0.009976937924259691
11605,26,0.009976937924259691
11142,26,0.009976937924259691
12029,26,0.009976937924259691
12343,26,0.009976937924259691
2319,26,0.009976937924259691
5475,26,0.009976937924259691
3522,26,0.009976937924259691
10226,26,0.009976937924259691
8839,26,0.009976937924259691
5294,26,0.009976937924259691
11446,26,0.009976937924259691
11422,26,0.009976937924259691
7583,26,0.009976937924259691
3089,26,0.009976937924259691
8359,26,0.009976937924259691
12232,26,0.009976937924259691
2073,26,0.009976937924259691
1610,26,0.009976937924259691
11265,26,0.009976937924259691
1484,26,0.009976937924259691
8953,26,0.009976937924259691
11685,26,0.009976937924259691
8595,26,0.009976937924259691
8863,26,0.009976937924259691
10625,26,0.009976937924259691
3161,26,0.009976937924259691
7805,26,0.009976937924259691
6867,26,0.009976937924259691
9320,26,0.009976937924259691
10821,26,0.009976937924259691
1553,26,0.009976937924259691
8200,26,0.009976937924259691
6942,26,0.009976937924259691
45,26,0.009976937924259691
10832,26,0.009976937924259691
11111,26,0.009976937924259691
9876,26,0.009976937924259691
12379,26,0.009976937924259691
10607,26,0.009976937924259691
6924,26,0.009976937924259691
6481,26,0.009976937924259691
9208,26,0.009976937924259691
8449,26,0.009976937924259691
12145,26,0.009976937924259691
6513,26,0.009976937924259691
1597,26,0.009976937924259691
6590,26,0.009976937924259691
4388,26,0.009976937924259691
483,26,0.009976937924259691
7444,26,0.009976937924259691
5071,26,0.009976937924259691
12194,26,0.009976937924259691
3970,26,0.009976937924259691
6995,26,0.009976937924259691
5080,26,0.009976937924259691
6107,26,0.009976937924259691
3150,26,0.009976937924259691
9828,26,0.009976937924259691
12444,26,0.009976937924259691
5057,26,0.009976937924259691
1540,26,0.009976937924259691
3439,26,0.009976937924259691
5859,26,0.009976937924259691
7729,26,0.009976937924259691
10035,26,0.009976937924259691
11549,26,0.009976937924259691
10819,26,0.009976937924259691
10351,26,0.009976937924259691
12186,26,0.009976937924259691
10371,26,0.009976937924259691
4719,26,0.009976937924259691
8289,26,0.009976937924259691
904,26,0.009976937924259691
857,26,0.009976937924259691
74,26,0.009976937924259691
4426,26,0.009976937924259691
4953,26,0.009976937924259691
10734,26,0.009976937924259691
9410,26,0.009976937924259691
1915,26,0.009976937924259691
2114,26,0.009976937924259691
3216,26,0.009976937924259691
6158,26,0.009976937924259691
12235,26,0.009976937924259691
5952,26,0.009976937924259691
10398,26,0.009976937924259691
9044,26,0.009976937924259691
2315,26,0.009976937924259691
11316,26,0.009976937924259691
3601,26,0.009976937924259691
2643,26,0.009976937924259691
7278,26,0.009976937924259691
7408,26,0.009976937924259691
11738,26,0.009976937924259691
447,26,0.009976937924259691
11382,26,0.009976937924259691
1150,26,0.009976937924259691
8226,26,0.009976937924259691
11613,26,0.009976937924259691
12361,26,0.009976937924259691
5891,26,0.009976937924259691
5076,26,0.009976937924259691
4745,26,0.009976937924259691
4306,26,0.009976937924259691
3036,25,0.009593209542557397
6714,25,0.009593209542557397
9637,25,0.009593209542557397
1780,25,0.009593209542557397
12152,25,0.009593209542557397
5999,25,0.009593209542557397
7685,25,0.009593209542557397
8206,25,0.009593209542557397
8527,25,0.009593209542557397
11735,25,0.009593209542557397
7756,25,0.009593209542557397
10019,25,0.009593209542557397
1346,25,0.009593209542557397
7061,25,0.009593209542557397
1048,25,0.009593209542557397
12480,25,0.009593209542557397
6864,25,0.009593209542557397
839,25,0.009593209542557397
11118,25,0.009593209542557397
9589,25,0.009593209542557397
1038,25,0.009593209542557397
10879,25,0.009593209542557397
422,25,0.009593209542557397
4573,25,0.009593209542557397
11949,25,0.009593209542557397
2551,25,0.009593209542557397
1857,25,0.009593209542557397
10280,25,0.009593209542557397
11624,25,0.009593209542557397
2116,25,0.009593209542557397
11082,25,0.009593209542557397
9261,25,0.009593209542557397
9196,25,0.009593209542557397
6256,25,0.009593209542557397
5038,25,0.009593209542557397
8392,25,0.009593209542557397
7076,25,0.009593209542557397
11953,25,0.009593209542557397
11933,25,0.009593209542557397
8057,25,0.009593209542557397
6001,25,0.009593209542557397
6367,25,0.009593209542557397
578,25,0.009593209542557397
12380,25,0.009593209542557397
2659,25,0.009593209542557397
1759,25,0.009593209542557397
4770,25,0.009593209542557397
1031,25,0.009593209542557397
2881,25,0.009593209542557397
5750,25,0.009593209542557397
8044,25,0.009593209542557397
3305,25,0.009593209542557397
6035,25,0.009593209542557397
2927,25,0.009593209542557397
3373,25,0.009593209542557397
10718,25,0.009593209542557397
7732,25,0.009593209542557397
10464,25,0.009593209542557397
5745,25,0.009593209542557397
4132,25,0.009593209542557397
2332,25,0.009593209542557397
1437,25,0.009593209542557397
3276,25,0.009593209542557397
8153,25,0.009593209542557397
5584,25,0.009593209542557397
12426,25,0.009593209542557397
6610,25,0.009593209542557397
7772,25,0.009593209542557397
7789,25,0.009593209542557397
1986,25,0.009593209542557397
12377,25,0.009593209542557397
5215,25,0.009593209542557397
844,25,0.009593209542557397
8050,25,0.009593209542557397
8354,25,0.009593209542557397
9918,25,0.009593209542557397
3609,25,0.009593209542557397
5758,25,0.009593209542557397
9191,25,0.009593209542557397
7051,25,0.009593209542557397
12079,25,0.009593209542557397
2081,25,0.009593209542557397
6456,25,0.009593209542557397
8755,25,0.009593209542557397
10565,25,0.009593209542557397
11143,25,0.009593209542557397
460,25,0.009593209542557397
6397,25,0.009593209542557397
2347,25,0.009593209542557397
11936,25,0.009593209542557397
1787,25,0.009593209542557397
10899,25,0.009593209542557397
1171,25,0.009593209542557397
5360,25,0.009593209542557397
5538,25,0.009593209542557397
10416,25,0.009593209542557397
6934,25,0.009593209542557397
3603,25,0.009593209542557397
4052,25,0.009593209542557397
5625,25,0.009593209542557397
8566,25,0.009593209542557397
11749,25,0.009593209542557397
10145,25,0.009593209542557397
1849,25,0.009593209542557397
9508,25,0.009593209542557397
6020,25,0.009593209542557397
12208,25,0.009593209542557397
11284,25,0.009593209542557397
11944,25,0.009593209542557397
9085,25,0.009593209542557397
884,25,0.009593209542557397
8948,25,0.009593209542557397
5416,25,0.009593209542557397
11699,25,0.009593209542557397
5541,25,0.009593209542557397
3753,25,0.009593209542557397
12425,25,0.009593209542557397
4798,25,0.009593209542557397
3813,25,0.009593209542557397
747,25,0.009593209542557397
1013,25,0.009593209542557397
5880,25,0.009593209542557397
10004,25,0.009593209542557397
2863,25,0.009593209542557397
3387,25,0.009593209542557397
1708,25,0.009593209542557397
4403,25,0.009593209542557397
10905,25,0.009593209542557397
9162,25,0.009593209542557397
4493,25,0.009593209542557397
7749,25,0.009593209542557397
7923,25,0.009593209542557397
4554,25,0.009593209542557397
12401,25,0.009593209542557397
5683,25,0.009593209542557397
5027,25,0.009593209542557397
450,25,0.009593209542557397
8021,25,0.009593209542557397
7351,25,0.009593209542557397
9123,25,0.009593209542557397
4286,25,0.009593209542557397
7764,25,0.009593209542557397
4325,25,0.009593209542557397
11326,25,0.009593209542557397
5617,25,0.009593209542557397
30,25,0.009593209542557397
10916,25,0.009593209542557397
267,25,0.009593209542557397
9857,25,0.009593209542557397
2796,25,0.009593209542557397
11889,25,0.009593209542557397
532,25,0.009593209542557397
9794,25,0.009593209542557397
5504,25,0.009593209542557397
4932,25,0.009593209542557397
8632,25,0.009593209542557397
395,25,0.009593209542557397
7566,25,0.009593209542557397
6789,25,0.009593209542557397
5067,25,0.009593209542557397
2043,25,0.009593209542557397
3267,25,0.009593209542557397
6038,25,0.009593209542557397
10920,25,0.009593209542557397
2481,25,0.009593209542557397
1236,24,0.0092094811608551
12132,24,0.0092094811608551
7102,24,0.0092094811608551
3191,24,0.0092094811608551
12162,24,0.0092094811608551
9937,24,0.0092094811608551
9318,24,0.0092094811608551
11519,24,0.0092094811608551
8110,24,0.0092094811608551
3921,24,0.0092094811608551
2203,24,0.0092094811608551
372,24,0.0092094811608551
2336,24,0.0092094811608551
5462,24,0.0092094811608551
9392,24,0.0092094811608551
2068,24,0.0092094811608551
408,24,0.0092094811608551
11489,24,0.0092094811608551
4336,24,0.0092094811608551
11278,24,0.0092094811608551
683,24,0.0092094811608551
9394,24,0.0092094811608551
4559,24,0.0092094811608551
752,24,0.0092094811608551
2609,24,0.0092094811608551
3989,24,0.0092094811608551
10507,24,0.0092094811608551
7821,24,0.0092094811608551
4818,24,0.0092094811608551
10563,24,0.0092094811608551
8034,24,0.0092094811608551
7543,24,0.0092094811608551
3475,24,0.0092094811608551
4587,24,0.0092094811608551
6216,24,0.0092094811608551
924,24,0.0092094811608551
1391,24,0.0092094811608551
8508,24,0.0092094811608551
10006,24,0.0092094811608551
12384,24,0.0092094811608551
4820,24,0.0092094811608551
2121,24,0.0092094811608551
12043,24,0.0092094811608551
8149,24,0.0092094811608551
10183,24,0.0092094811608551
6840,24,0.0092094811608551
2605,24,0.0092094811608551
11930,24,0.0092094811608551
5158,24,0.0092094811608551
8227,24,0.0092094811608551
12033,24,0.0092094811608551
2240,24,0.0092094811608551
3094,24,0.0092094811608551
3355,24,0.0092094811608551
12476,24,0.0092094811608551
7900,24,0.0092094811608551
89,24,0.0092094811608551
3776,24,0.0092094811608551
9398,24,0.0092094811608551
1649,24,0.0092094811608551
9721,24,0.0092094811608551
12046,24,0.0092094811608551
43,24,0.0092094811608551
9255,24,0.0092094811608551
9327,24,0.0092094811608551
12460,24,0.0092094811608551
6034,24,0.0092094811608551
5645,24,0.0092094811608551
7787,24,0.0092094811608551
2232,24,0.0092094811608551
441,24,0.0092094811608551
4582,24,0.0092094811608551
6723,24,0.0092094811608551
6901,24,0.0092094811608551
376,24,0.0092094811608551
11481,24,0.0092094811608551
7565,24,0.0092094811608551
8313,24,0.0092094811608551
7228,24,0.0092094811608551
108,24,0.0092094811608551
5238,24,0.0092094811608551
7081,24,0.0092094811608551
8865,24,0.0092094811608551
1619,24,0.0092094811608551
9872,24,0.0092094811608551
4498,24,0.0092094811608551
4219,24,0.0092094811608551
10833,24,0.0092094811608551
5612,24,0.0092094811608551
8445,24,0.0092094811608551
5236,24,0.0092094811608551
12397,24,0.0092094811608551
10893,24,0.0092094811608551
11917,24,0.0092094811608551
4834,24,0.0092094811608551
2383,24,0.0092094811608551
9464,24,0.0092094811608551
1275,24,0.0092094811608551
2243,24,0.0092094811608551
11374,24,0.0092094811608551
10765,24,0.0092094811608551
2776,24,0.0092094811608551
2664,24,0.0092094811608551
10947,24,0.0092094811608551
1446,24,0.0092094811608551
3238,24,0.0092094811608551
10675,24,0.0092094811608551
10946,24,0.0092094811608551
6681,24,0.0092094811608551
3275,24,0.0092094811608551
8368,24,0.0092094811608551
3455,24,0.0092094811608551
10072,24,0.0092094811608551
2129,24,0.0092094811608551
5219,24,0.0092094811608551
1248,24,0.0092094811608551
10391,24,0.0092094811608551
6728,24,0.0092094811608551
9145,24,0.0092094811608551
88,24,0.0092094811608551
142,24,0.0092094811608551
7267,24,0.0092094811608551
2573,24,0.0092094811608551
9091,24,0.0092094811608551
384,24,0.0092094811608551
3674,24,0.0092094811608551
12301,24,0.0092094811608551
12312,24,0.0092094811608551
8336,24,0.0092094811608551
10710,24,0.0092094811608551
9781,24,0.0092094811608551
12563,24,0.0092094811608551
11722,24,0.0092094811608551
10030,24,0.0092094811608551
6506,24,0.0092094811608551
416,24,0.0092094811608551
12517,24,0.0092094811608551
9420,24,0.0092094811608551
3145,24,0.0092094811608551
8234,24,0.0092094811608551
10761,24,0.0092094811608551
7179,24,0.0092094811608551
2050,24,0.0092094811608551
630,24,0.0092094811608551
7526,24,0.0092094811608551
4589,24,0.0092094811608551
11541,24,0.0092094811608551
9274,24,0.0092094811608551
5255,24,0.0092094811608551
2954,24,0.0092094811608551
3614,24,0.0092094811608551
3624,24,0.0092094811608551
1351,24,0.0092094811608551
5565,24,0.0092094811608551
6559,24,0.0092094811608551
9657,24,0.0092094811608551
3018,24,0.0092094811608551
9986,24,0.0092094811608551
7101,24,0.0092094811608551
3837,24,0.0092094811608551
3430,24,0.0092094811608551
7474,24,0.0092094811608551
5412,24,0.0092094811608551
8726,24,0.0092094811608551
7844,24,0.0092094811608551
7934,24,0.0092094811608551
4749,24,0.0092094811608551
4571,24,0.0092094811608551
335,24,0.0092094811608551
3112,24,0.0092094811608551
7750,23,0.008825752779152804
8753,23,0.008825752779152804
8388,23,0.008825752779152804
1924,23,0.008825752779152804
5274,23,0.008825752779152804
1379,23,0.008825752779152804
2922,23,0.008825752779152804
6130,23,0.008825752779152804
11591,23,0.008825752779152804
849,23,0.008825752779152804
1234,23,0.008825752779152804
12524,23,0.008825752779152804
5190,23,0.008825752779152804
10190,23,0.008825752779152804
10577,23,0.008825752779152804
8767,23,0.008825752779152804
4475,23,0.008825752779152804
10706,23,0.008825752779152804
433,23,0.008825752779152804
4182,23,0.008825752779152804
10614,23,0.008825752779152804
6266,23,0.008825752779152804
2475,23,0.008825752779152804
8377,23,0.008825752779152804
2467,23,0.008825752779152804
7285,23,0.008825752779152804
11612,23,0.008825752779152804
1428,23,0.008825752779152804
12239,23,0.008825752779152804
9505,23,0.008825752779152804
6581,23,0.008825752779152804
1812,23,0.008825752779152804
3062,23,0.008825752779152804
8148,23,0.008825752779152804
7335,23,0.008825752779152804
10925,23,0.008825752779152804
1637,23,0.008825752779152804
12052,23,0.008825752779152804
11426,23,0.008825752779152804
10408,23,0.008825752779152804
2027,23,0.008825752779152804
12127,23,0.008825752779152804
6955,23,0.008825752779152804
11614,23,0.008825752779152804
10858,23,0.008825752779152804
11975,23,0.008825752779152804
555,23,0.008825752779152804
7595,23,0.008825752779152804
11201,23,0.008825752779152804
11352,23,0.008825752779152804
2829,23,0.008825752779152804
3099,23,0.008825752779152804
10972,23,0.008825752779152804
9062,23,0.008825752779152804
8159,23,0.008825752779152804
5112,23,0.008825752779152804
11004,23,0.008825752779152804
8828,23,0.008825752779152804
5731,23,0.008825752779152804
3176,23,0.008825752779152804
6854,23,0.008825752779152804
5150,23,0.008825752779152804
5470,23,0.008825752779152804
8788,23,0.008825752779152804
4208,23,0.008825752779152804
9691,23,0.008825752779152804
3700,23,0.008825752779152804
1184,23,0.008825752779152804
11703,23,0.008825752779152804
12523,23,0.008825752779152804
10049,23,0.008825752779152804
4828,23,0.008825752779152804
535,23,0.008825752779152804
7044,23,0.008825752779152804
7096,23,0.008825752779152804
3897,23,0.008825752779152804
4511,23,0.008825752779152804
11990,23,0.008825752779152804
10031,23,0.008825752779152804
3828,23,0.008825752779152804
11724,23,0.008825752779152804
2777,23,0.008825752779152804
3278,23,0.008825752779152804
3577,23,0.008825752779152804
6524,23,0.008825752779152804
8742,23,0.008825752779152804
8073,23,0.008825752779152804
4410,23,0.008825752779152804
1811,23,0.008825752779152804
6373,23,0.008825752779152804
4218,23,0.008825752779152804
11420,23,0.008825752779152804
4229,23,0.008825752779152804
10112,23,0.008825752779152804
7381,23,0.008825752779152804
7334,23,0.008825752779152804
9688,23,0.008825752779152804
4243,23,0.008825752779152804
10056,23,0.008825752779152804
11262,23,0.008825752779152804
8642,23,0.008825752779152804
3687,23,0.008825752779152804
745,23,0.008825752779152804
7197,23,0.008825752779152804
12447,23,0.008825752779152804
2231,23,0.008825752779152804
7003,23,0.008825752779152804
5322,23,0.008825752779152804
8233,23,0.008825752779152804
4971,23,0.008825752779152804
10123,23,0.008825752779152804
657,23,0.008825752779152804
7992,23,0.008825752779152804
7253,23,0.008825752779152804
1389,23,0.008825752779152804
12099,23,0.008825752779152804
1211,23,0.008825752779152804
10353,23,0.008825752779152804
7514,23,0.008825752779152804
6696,23,0.008825752779152804
6191,23,0.008825752779152804
4646,23,0.008825752779152804
9921,23,0.008825752779152804
10454,23,0.008825752779152804
10375,23,0.008825752779152804
11701,23,0.008825752779152804
3340,23,0.008825752779152804
7307,23,0.008825752779152804
6386,23,0.008825752779152804
3861,23,0.008825752779152804
7483,23,0.008825752779152804
3352,23,0.008825752779152804
7168,23,0.008825752779152804
11170,23,0.008825752779152804
8748,23,0.008825752779152804
8230,23,0.008825752779152804
11066,23,0.008825752779152804
4806,23,0.008825752779152804
11377,23,0.008825752779152804
9917,23,0.008825752779152804
908,23,0.008825752779152804
8666,23,0.008825752779152804
9563,23,0.008825752779152804
3907,23,0.008825752779152804
3865,23,0.008825752779152804
5127,23,0.008825752779152804
8440,23,0.008825752779152804
5072,23,0.008825752779152804
1557,23,0.008825752779152804
10430,23,0.008825752779152804
10222,23,0.008825752779152804
5944,23,0.008825752779152804
11285,23,0.008825752779152804
12455,23,0.008825752779152804
1524,23,0.008825752779152804
4672,23,0.008825752779152804
12249,23,0.008825752779152804
1216,23,0.008825752779152804
12544,23,0.008825752779152804
420,23,0.008825752779152804
3013,23,0.008825752779152804
9413,23,0.008825752779152804
11239,23,0.008825752779152804
2314,23,0.008825752779152804
5576,23,0.008825752779152804
9294,23,0.008825752779152804
4232,23,0.008825752779152804
11580,23,0.008825752779152804
12285,23,0.008825752779152804
10674,23,0.008825752779152804
5242,23,0.008825752779152804
11453,23,0.008825752779152804
770,23,0.008825752779152804
11247,23,0.008825752779152804
7248,23,0.008825752779152804
2726,23,0.008825752779152804
3115,23,0.008825752779152804
8691,23,0.008825752779152804
101,23,0.008825752779152804
1052,22,0.00844202439745051
4561,22,0.00844202439745051
174,22,0.00844202439745051
4844,22,0.00844202439745051
1574,22,0.00844202439745051
10206,22,0.00844202439745051
8363,22,0.00844202439745051
11952,22,0.00844202439745051
702,22,0.00844202439745051
117,22,0.00844202439745051
6604,22,0.00844202439745051
4289,22,0.00844202439745051
11610,22,0.00844202439745051
11013,22,0.00844202439745051
5241,22,0.00844202439745051
1979,22,0.00844202439745051
4799,22,0.00844202439745051
11819,22,0.00844202439745051
8173,22,0.00844202439745051
4091,22,0.00844202439745051
10826,22,0.00844202439745051
7135,22,0.00844202439745051
9448,22,0.00844202439745051
3481,22,0.00844202439745051
11560,22,0.00844202439745051
8318,22,0.00844202439745051
11343,22,0.00844202439745051
4872,22,0.00844202439745051
8716,22,0.00844202439745051
7544,22,0.00844202439745051
6396,22,0.00844202439745051
5847,22,0.00844202439745051
6391,22,0.00844202439745051
2437,22,0.00844202439745051
5165,22,0.00844202439745051
2084,22,0.00844202439745051
8470,22,0.00844202439745051
822,22,0.00844202439745051
12528,22,0.00844202439745051
11554,22,0.00844202439745051
8431,22,0.00844202439745051
9555,22,0.00844202439745051
8105,22,0.00844202439745051
8743,22,0.00844202439745051
7938,22,0.00844202439745051
982,22,0.00844202439745051
261,22,0.00844202439745051
1609,22,0.00844202439745051
7786,22,0.00844202439745051
1834,22,0.00844202439745051
8825,22,0.00844202439745051
11967,22,0.00844202439745051
3996,22,0.00844202439745051
11603,22,0.00844202439745051
11198,22,0.00844202439745051
4535,22,0.00844202439745051
7917,22,0.00844202439745051
9331,22,0.00844202439745051
10778,22,0.00844202439745051
186,22,0.00844202439745051
2002,22,0.00844202439745051
4162,22,0.00844202439745051
6257,22,0.00844202439745051
12091,22,0.00844202439745051
6082,22,0.00844202439745051
7131,22,0.00844202439745051
7448,22,0.00844202439745051
10173,22,0.00844202439745051
3622,22,0.00844202439745051
7265,22,0.00844202439745051
2497,22,0.00844202439745051
1386,22,0.00844202439745051
5842,22,0.00844202439745051
8820,22,0.00844202439745051
11759,22,0.00844202439745051
8969,22,0.00844202439745051
8890,22,0.00844202439745051
3714,22,0.00844202439745051
3698,22,0.00844202439745051
3221,22,0.00844202439745051
8796,22,0.00844202439745051
9988,22,0.00844202439745051
2723,22,0.00844202439745051
4611,22,0.00844202439745051
8259,22,0.00844202439745051
8033,22,0.00844202439745051
10026,22,0.00844202439745051
8872,22,0.00844202439745051
7238,22,0.00844202439745051
217,22,0.00844202439745051
2013,22,0.00844202439745051
11723,22,0.00844202439745051
7141,22,0.00844202439745051
12027,22,0.00844202439745051
9715,22,0.00844202439745051
8075,22,0.00844202439745051
1713,22,0.00844202439745051
4072,22,0.00844202439745051
9068,22,0.00844202439745051
9471,22,0.00844202439745051
4625,22,0.00844202439745051
1065,22,0.00844202439745051
8636,22,0.00844202439745051
6969,22,0.00844202439745051
964,22,0.00844202439745051
7857,22,0.00844202439745051
7988,22,0.00844202439745051
4822,22,0.00844202439745051
12156,22,0.00844202439745051
8737,22,0.00844202439745051
9910,22,0.00844202439745051
1388,22,0.00844202439745051
3329,22,0.00844202439745051
6767,22,0.00844202439745051
10364,22,0.00844202439745051
4496,22,0.00844202439745051
4288,22,0.00844202439745051
3237,22,0.00844202439745051
8935,22,0.00844202439745051
10829,22,0.00844202439745051
6859,22,0.00844202439745051
3097,22,0.00844202439745051
3626,22,0.00844202439745051
10487,22,0.00844202439745051
9231,22,0.00844202439745051
9745,22,0.00844202439745051
937,22,0.00844202439745051
11052,22,0.00844202439745051
10088,22,0.00844202439745051
10443,22,0.00844202439745051
6250,22,0.00844202439745051
5440,22,0.00844202439745051
11094,22,0.00844202439745051
8648,22,0.00844202439745051
3874,22,0.00844202439745051
1443,22,0.00844202439745051
4394,22,0.00844202439745051
2599,22,0.00844202439745051
10146,22,0.00844202439745051
5206,22,0.00844202439745051
3634,22,0.00844202439745051
5961,22,0.00844202439745051
5454,22,0.00844202439745051
575,22,0.00844202439745051
5352,22,0.00844202439745051
12416,22,0.00844202439745051
397,22,0.00844202439745051
1121,22,0.00844202439745051
917,22,0.00844202439745051
9190,22,0.00844202439745051
11752,22,0.00844202439745051
2850,22,0.00844202439745051
10854,22,0.00844202439745051
8483,22,0.00844202439745051
4041,22,0.00844202439745051
6446,22,0.00844202439745051
8577,22,0.00844202439745051
1687,22,0.00844202439745051
8163,22,0.00844202439745051
11172,22,0.00844202439745051
4891,22,0.00844202439745051
9547,22,0.00844202439745051
6902,22,0.00844202439745051
11470,22,0.00844202439745051
10297,22,0.00844202439745051
5053,22,0.00844202439745051
7705,22,0.00844202439745051
3891,22,0.00844202439745051
46,22,0.00844202439745051
7289,22,0.00844202439745051
10913,22,0.00844202439745051
10139,22,0.00844202439745051
3318,22,0.00844202439745051
10601,22,0.00844202439745051
9530,22,0.00844202439745051
10157,22,0.00844202439745051
11865,22,0.00844202439745051
12366,22,0.00844202439745051
1352,21,0.008058296015748213
12136,21,0.008058296015748213
11372,21,0.008058296015748213
305,21,0.008058296015748213
1541,21,0.008058296015748213
6928,21,0.008058296015748213
6820,21,0.008058296015748213
1634,21,0.008058296015748213
8288,21,0.008058296015748213
11314,21,0.008058296015748213
2279,21,0.008058296015748213
4331,21,0.008058296015748213
2356,21,0.008058296015748213
9634,21,0.008058296015748213
6625,21,0.008058296015748213
1159,21,0.008058296015748213
3625,21,0.008058296015748213
559,21,0.008058296015748213
10399,21,0.008058296015748213
1458,21,0.008058296015748213
9676,21,0.008058296015748213
6795,21,0.008058296015748213
2548,21,0.008058296015748213
10415,21,0.008058296015748213
2153,21,0.008058296015748213
11780,21,0.008058296015748213
4896,21,0.008058296015748213
3296,21,0.008058296015748213
6246,21,0.008058296015748213
2425,21,0.008058296015748213
4884,21,0.008058296015748213
7274,21,0.008058296015748213
5166,21,0.008058296015748213
6540,21,0.008058296015748213
11272,21,0.008058296015748213
6172,21,0.008058296015748213
4676,21,0.008058296015748213
9337,21,0.008058296015748213
11353,21,0.008058296015748213
11518,21,0.008058296015748213
1385,21,0.008058296015748213
11619,21,0.008058296015748213
5325,21,0.008058296015748213
1862,21,0.008058296015748213
4609,21,0.008058296015748213
524,21,0.008058296015748213
1333,21,0.008058296015748213
4688,21,0.008058296015748213
11208,21,0.008058296015748213
5131,21,0.008058296015748213
7672,21,0.008058296015748213
10687,21,0.008058296015748213
11046,21,0.008058296015748213
6353,21,0.008058296015748213
8754,21,0.008058296015748213
620,21,0.008058296015748213
2774,21,0.008058296015748213
8987,21,0.008058296015748213
5424,21,0.008058296015748213
9450,21,0.008058296015748213
3521,21,0.008058296015748213
6596,21,0.008058296015748213
502,21,0.008058296015748213
11339,21,0.008058296015748213
10167,21,0.008058296015748213
9528,21,0.008058296015748213
3261,21,0.008058296015748213
577,21,0.008058296015748213
11849,21,0.008058296015748213
12521,21,0.008058296015748213
1003,21,0.008058296015748213
9409,21,0.008058296015748213
8728,21,0.008058296015748213
8932,21,0.008058296015748213
3025,21,0.008058296015748213
6042,21,0.008058296015748213
3444,21,0.008058296015748213
7020,21,0.008058296015748213
8381,21,0.008058296015748213
11458,21,0.008058296015748213
1506,21,0.008058296015748213
10684,21,0.008058296015748213
6413,21,0.008058296015748213
10153,21,0.008058296015748213
4581,21,0.008058296015748213
11011,21,0.008058296015748213
10960,21,0.008058296015748213
6780,21,0.008058296015748213
3816,21,0.008058296015748213
9184,21,0.008058296015748213
8923,21,0.008058296015748213
11267,21,0.008058296015748213
8646,21,0.008058296015748213
4635,21,0.008058296015748213
10214,21,0.008058296015748213
2965,21,0.008058296015748213
1272,21,0.008058296015748213
10596,21,0.008058296015748213
4830,21,0.008058296015748213
8504,21,0.008058296015748213
4627,21,0.008058296015748213
10987,21,0.008058296015748213
5278,21,0.008058296015748213
11108,21,0.008058296015748213
9278,21,0.008058296015748213
11495,21,0.008058296015748213
9260,21,0.008058296015748213
5406,21,0.008058296015748213
919,21,0.008058296015748213
3962,21,0.008058296015748213
5481,21,0.008058296015748213
11548,21,0.008058296015748213
679,21,0.008058296015748213
4813,21,0.008058296015748213
861,21,0.008058296015748213
5301,21,0.008058296015748213
5307,21,0.008058296015748213
5268,21,0.008058296015748213
9457,21,0.008058296015748213
1562,21,0.008058296015748213
3945,21,0.008058296015748213
9749,21,0.008058296015748213
11091,21,0.008058296015748213
12461,21,0.008058296015748213
1402,21,0.008058296015748213
2908,21,0.008058296015748213
3628,21,0.008058296015748213
3270,21,0.008058296015748213
8255,21,0.008058296015748213
9021,21,0.008058296015748213
7776,21,0.008058296015748213
10825,21,0.008058296015748213
2584,21,0.008058296015748213
11718,21,0.008058296015748213
7286,21,0.008058296015748213
9801,21,0.008058296015748213
9362,21,0.008058296015748213
6981,21,0.008058296015748213
8223,21,0.008058296015748213
9024,21,0.008058296015748213
7584,21,0.008058296015748213
6,21,0.008058296015748213
7678,21,0.008058296015748213
1607,21,0.008058296015748213
4483,21,0.008058296015748213
5841,21,0.008058296015748213
12139,21,0.008058296015748213
9242,21,0.008058296015748213
9060,21,0.008058296015748213
11479,21,0.008058296015748213
4315,21,0.008058296015748213
9766,21,0.008058296015748213
3527,21,0.008058296015748213
3041,21,0.008058296015748213
1460,21,0.008058296015748213
9838,21,0.008058296015748213
756,21,0.008058296015748213
11435,21,0.008058296015748213
743,21,0.008058296015748213
3323,21,0.008058296015748213
3944,21,0.008058296015748213
8213,21,0.008058296015748213
9466,21,0.008058296015748213
522,21,0.008058296015748213
6478,21,0.008058296015748213
2570,21,0.008058296015748213
9217,21,0.008058296015748213
9206,21,0.008058296015748213
5768,21,0.008058296015748213
11203,21,0.008058296015748213
12063,21,0.008058296015748213
9030,21,0.008058296015748213
12261,21,0.008058296015748213
6724,21,0.008058296015748213
4094,21,0.008058296015748213
3392,21,0.008058296015748213
3846,21,0.008058296015748213
7180,21,0.008058296015748213
8999,21,0.008058296015748213
9936,21,0.008058296015748213
2819,21,0.008058296015748213
152,21,0.008058296015748213
7990,21,0.008058296015748213
5582,21,0.008058296015748213
5982,21,0.008058296015748213
5314,21,0.008058296015748213
11243,21,0.008058296015748213
9424,21,0.008058296015748213
5164,21,0.008058296015748213
11301,21,0.008058296015748213
3640,21,0.008058296015748213
5259,21,0.008058296015748213
10327,21,0.008058296015748213
479,21,0.008058296015748213
2800,21,0.008058296015748213
11427,21,0.008058296015748213
2592,20,0.007674567634045917
5133,20,0.007674567634045917
11184,20,0.007674567634045917
1438,20,0.007674567634045917
2981,20,0.007674567634045917
11768,20,0.007674567634045917
8263,20,0.007674567634045917
8739,20,0.007674567634045917
10133,20,0.007674567634045917
1803,20,0.007674567634045917
9809,20,0.007674567634045917
4175,20,0.007674567634045917
2814,20,0.007674567634045917
478,20,0.007674567634045917
10498,20,0.007674567634045917
4236,20,0.007674567634045917
2072,20,0.007674567634045917
10137,20,0.007674567634045917
6768,20,0.007674567634045917
7100,20,0.007674567634045917
10241,20,0.007674567634045917
4568,20,0.007674567634045917
6695,20,0.007674567634045917
9729,20,0.007674567634045917
3798,20,0.007674567634045917
8111,20,0.007674567634045917
617,20,0.007674567634045917
631,20,0.007674567634045917
11659,20,0.007674567634045917
8733,20,0.007674567634045917
9785,20,0.007674567634045917
10653,20,0.007674567634045917
668,20,0.007674567634045917
8086,20,0.007674567634045917
2219,20,0.007674567634045917
10251,20,0.007674567634045917
12224,20,0.007674567634045917
1086,20,0.007674567634045917
4930,20,0.007674567634045917
8765,20,0.007674567634045917
5084,20,0.007674567634045917
5923,20,0.007674567634045917
611,20,0.007674567634045917
4062,20,0.007674567634045917
4696,20,0.007674567634045917
2079,20,0.007674567634045917
2355,20,0.007674567634045917
1623,20,0.007674567634045917
10188,20,0.007674567634045917
1739,20,0.007674567634045917
8975,20,0.007674567634045917
3266,20,0.007674567634045917
9032,20,0.007674567634045917
10083,20,0.007674567634045917
3596,20,0.007674567634045917
9873,20,0.007674567634045917
1366,20,0.007674567634045917
3342,20,0.007674567634045917
6270,20,0.007674567634045917
2996,20,0.007674567634045917
4190,20,0.007674567634045917
2657,20,0.007674567634045917
2824,20,0.007674567634045917
11487,20,0.007674567634045917
8653,20,0.007674567634045917
8459,20,0.007674567634045917
10742,20,0.007674567634045917
4255,20,0.007674567634045917
8835,20,0.007674567634045917
868,20,0.007674567634045917
12038,20,0.007674567634045917
3618,20,0.007674567634045917
9793,20,0.007674567634045917
10983,20,0.007674567634045917
12543,20,0.007674567634045917
3032,20,0.007674567634045917
750,20,0.007674567634045917
5034,20,0.007674567634045917
7218,20,0.007674567634045917
7730,20,0.007674567634045917
8292,20,0.007674567634045917
11403,20,0.007674567634045917
9900,20,0.007674567634045917
4936,20,0.007674567634045917
1404,20,0.007674567634045917
4163,20,0.007674567634045917
12236,20,0.007674567634045917
3360,20,0.007674567634045917
5790,20,0.007674567634045917
9985,20,0.007674567634045917
2638,20,0.007674567634045917
78,20,0.007674567634045917
3802,20,0.007674567634045917
7859,20,0.007674567634045917
8056,20,0.007674567634045917
6277,20,0.007674567634045917
5344,20,0.007674567634045917
1323,20,0.007674567634045917
12556,20,0.007674567634045917
8745,20,0.007674567634045917
1206,20,0.007674567634045917
9771,20,0.007674567634045917
12262,20,0.007674567634045917
1172,20,0.007674567634045917
3565,20,0.007674567634045917
11159,20,0.007674567634045917
2911,20,0.007674567634045917
10224,20,0.007674567634045917
6936,20,0.007674567634045917
4335,20,0.007674567634045917
10581,20,0.007674567634045917
11522,20,0.007674567634045917
9341,20,0.007674567634045917
11807,20,0.007674567634045917
6326,20,0.007674567634045917
9526,20,0.007674567634045917
9103,20,0.007674567634045917
11327,20,0.007674567634045917
815,20,0.007674567634045917
4555,20,0.007674567634045917
4510,20,0.007674567634045917
5392,20,0.007674567634045917
9669,20,0.007674567634045917
11031,20,0.007674567634045917
6215,20,0.007674567634045917
10432,20,0.007674567634045917
5788,20,0.007674567634045917
5757,20,0.007674567634045917
8010,20,0.007674567634045917
3426,20,0.007674567634045917
4843,20,0.007674567634045917
3103,20,0.007674567634045917
6259,20,0.007674567634045917
11539,20,0.007674567634045917
7498,20,0.007674567634045917
6781,20,0.007674567634045917
500,20,0.007674567634045917
1560,20,0.007674567634045917
7311,20,0.007674567634045917
4141,20,0.007674567634045917
7365,20,0.007674567634045917
4345,20,0.007674567634045917
3295,20,0.007674567634045917
2666,20,0.007674567634045917
3669,20,0.007674567634045917
10345,20,0.007674567634045917
10556,20,0.007674567634045917
3782,20,0.007674567634045917
6465,20,0.007674567634045917
3375,20,0.007674567634045917
6534,20,0.007674567634045917
11668,20,0.007674567634045917
1844,20,0.007674567634045917
5297,20,0.007674567634045917
10098,20,0.007674567634045917
11317,20,0.007674567634045917
6702,20,0.007674567634045917
11675,20,0.007674567634045917
835,20,0.007674567634045917
3957,20,0.007674567634045917
11071,20,0.007674567634045917
521,20,0.007674567634045917
3356,20,0.007674567634045917
12267,20,0.007674567634045917
8065,20,0.007674567634045917
8702,20,0.007674567634045917
10270,20,0.007674567634045917
10719,20,0.007674567634045917
8325,20,0.007674567634045917
7353,20,0.007674567634045917
760,20,0.007674567634045917
11080,20,0.007674567634045917
2731,20,0.007674567634045917
8127,20,0.007674567634045917
7962,20,0.007674567634045917
4887,20,0.007674567634045917
6394,20,0.007674567634045917
11670,20,0.007674567634045917
7321,20,0.007674567634045917
6387,20,0.007674567634045917
2161,20,0.007674567634045917
8248,20,0.007674567634045917
7570,20,0.007674567634045917
1451,20,0.007674567634045917
10205,20,0.007674567634045917
9149,20,0.007674567634045917
8901,20,0.007674567634045917
9802,20,0.007674567634045917
8500,20,0.007674567634045917
5783,20,0.007674567634045917
480,20,0.007674567634045917
2090,20,0.007674567634045917
9695,20,0.007674567634045917
8190,20,0.007674567634045917
11694,20,0.007674567634045917
813,20,0.007674567634045917
11988,20,0.007674567634045917
8874,20,0.007674567634045917
12427,20,0.007674567634045917
11162,20,0.007674567634045917
10759,20,0.007674567634045917
183,20,0.007674567634045917
7951,20,0.007674567634045917
1277,20,0.007674567634045917
12192,20,0.007674567634045917
598,20,0.007674567634045917
2367,20,0.007674567634045917
4374,20,0.007674567634045917
213,20,0.007674567634045917
2545,20,0.007674567634045917
10489,19,0.007290839252343621
10889,19,0.007290839252343621
7833,19,0.007290839252343621
1690,19,0.007290839252343621
9484,19,0.007290839252343621
9728,19,0.007290839252343621
5317,19,0.007290839252343621
7304,19,0.007290839252343621
6828,19,0.007290839252343621
8380,19,0.007290839252343621
693,19,0.007290839252343621
7531,19,0.007290839252343621
4881,19,0.007290839252343621
5156,19,0.007290839252343621
8362,19,0.007290839252343621
8160,19,0.007290839252343621
3452,19,0.007290839252343621
2184,19,0.007290839252343621
2827,19,0.007290839252343621
2934,19,0.007290839252343621
11137,19,0.007290839252343621
8049,19,0.007290839252343621
6255,19,0.007290839252343621
7530,19,0.007290839252343621
3294,19,0.007290839252343621
9662,19,0.007290839252343621
7500,19,0.007290839252343621
1749,19,0.007290839252343621
1465,19,0.007290839252343621
2749,19,0.007290839252343621
9116,19,0.007290839252343621
3129,19,0.007290839252343621
7763,19,0.007290839252343621
11300,19,0.007290839252343621
7491,19,0.007290839252343621
283,19,0.007290839252343621
2132,19,0.007290839252343621
6845,19,0.007290839252343621
7915,19,0.007290839252343621
1827,19,0.007290839252343621
667,19,0.007290839252343621
6199,19,0.007290839252343621
4051,19,0.007290839252343621
5530,19,0.007290839252343621
1770,19,0.007290839252343621
3051,19,0.007290839252343621
6043,19,0.007290839252343621
6060,19,0.007290839252343621
2533,19,0.007290839252343621
6584,19,0.007290839252343621
1421,19,0.007290839252343621
9095,19,0.007290839252343621
3185,19,0.007290839252343621
11168,19,0.007290839252343621
4853,19,0.007290839252343621
1542,19,0.007290839252343621
7145,19,0.007290839252343621
7785,19,0.007290839252343621
5903,19,0.007290839252343621
103,19,0.007290839252343621
7771,19,0.007290839252343621
9566,19,0.007290839252343621
4148,19,0.007290839252343621
11060,19,0.007290839252343621
1810,19,0.007290839252343621
214,19,0.007290839252343621
3110,19,0.007290839252343621
362,19,0.007290839252343621
7114,19,0.007290839252343621
6616,19,0.007290839252343621
10061,19,0.007290839252343621
7254,19,0.007290839252343621
10330,19,0.007290839252343621
1055,19,0.007290839252343621
3293,19,0.007290839252343621
5706,19,0.007290839252343621
9086,19,0.007290839252343621
4265,19,0.007290839252343621
6844,19,0.007290839252343621
8826,19,0.007290839252343621
8136,19,0.007290839252343621
5846,19,0.007290839252343621
5385,19,0.007290839252343621
10103,19,0.007290839252343621
2682,19,0.007290839252343621
12273,19,0.007290839252343621
10325,19,0.007290839252343621
9011,19,0.007290839252343621
9489,19,0.007290839252343621
1798,19,0.007290839252343621
2477,19,0.007290839252343621
3528,19,0.007290839252343621
11027,19,0.007290839252343621
3728,19,0.007290839252343621
10182,19,0.007290839252343621
3247,19,0.007290839252343621
8563,19,0.007290839252343621
573,19,0.007290839252343621
342,19,0.007290839252343621
10658,19,0.007290839252343621
5109,19,0.007290839252343621
9619,19,0.007290839252343621
7629,19,0.007290839252343621
12561,19,0.007290839252343621
1688,19,0.007290839252343621
7849,19,0.007290839252343621
6734,19,0.007290839252343621
8237,19,0.007290839252343621
2124,19,0.007290839252343621
4775,19,0.007290839252343621
3919,19,0.007290839252343621
8224,19,0.007290839252343621
6251,19,0.007290839252343621
8426,19,0.007290839252343621
8129,19,0.007290839252343621
10340,19,0.007290839252343621
10212,19,0.007290839252343621
3972,19,0.007290839252343621
11307,19,0.007290839252343621
12210,19,0.007290839252343621
877,19,0.007290839252343621
3916,19,0.007290839252343621
3999,19,0.007290839252343621
1269,19,0.007290839252343621
11045,19,0.007290839252343621
1433,19,0.007290839252343621
3993,19,0.007290839252343621
11657,19,0.007290839252343621
1598,19,0.007290839252343621
1061,19,0.007290839252343621
9067,19,0.007290839252343621
7952,19,0.007290839252343621
73,19,0.007290839252343621
12495,19,0.007290839252343621
1682,19,0.007290839252343621
1916,19,0.007290839252343621
11655,19,0.007290839252343621
1056,19,0.007290839252343621
11324,19,0.007290839252343621
6568,19,0.007290839252343621
12326,19,0.007290839252343621
5178,19,0.007290839252343621
5823,19,0.007290839252343621
11313,19,0.007290839252343621
4911,19,0.007290839252343621
5548,19,0.007290839252343621
7072,19,0.007290839252343621
8232,19,0.007290839252343621
853,19,0.007290839252343621
9491,19,0.007290839252343621
10907,19,0.007290839252343621
1882,19,0.007290839252343621
8174,19,0.007290839252343621
9077,19,0.007290839252343621
580,19,0.007290839252343621
2293,19,0.007290839252343621
4227,19,0.007290839252343621
2843,19,0.007290839252343621
4222,19,0.007290839252343621
2670,19,0.007290839252343621
2426,19,0.007290839252343621
8507,19,0.007290839252343621
6916,19,0.007290839252343621
3078,19,0.007290839252343621
2018,19,0.007290839252343621
185,19,0.007290839252343621
5501,19,0.007290839252343621
2226,19,0.007290839252343621
1101,19,0.007290839252343621
10977,19,0.007290839252343621
5205,19,0.007290839252343621
5793,19,0.007290839252343621
5828,19,0.007290839252343621
1032,19,0.007290839252343621
8437,19,0.007290839252343621
11299,19,0.007290839252343621
6393,19,0.007290839252343621
1200,19,0.007290839252343621
9069,19,0.007290839252343621
7954,19,0.007290839252343621
10426,19,0.007290839252343621
628,19,0.007290839252343621
7121,19,0.007290839252343621
8087,19,0.007290839252343621
8446,19,0.007290839252343621
8284,19,0.007290839252343621
11424,19,0.007290839252343621
3198,19,0.007290839252343621
3345,19,0.007290839252343621
10872,19,0.007290839252343621
5199,19,0.007290839252343621
7231,19,0.007290839252343621
3131,19,0.007290839252343621
5686,19,0.007290839252343621
470,19,0.007290839252343621
8335,19,0.007290839252343621
6385,19,0.007290839252343621
378,19,0.007290839252343621
9138,19,0.007290839252343621
6176,19,0.007290839252343621
5759,19,0.007290839252343621
11269,19,0.007290839252343621
11485,19,0.007290839252343621
7842,19,0.007290839252343621
10361,19,0.007290839252343621
1681,19,0.007290839252343621
8184,19,0.007290839252343621
3959,19,0.007290839252343621
11698,18,0.006907110870641326
10722,18,0.006907110870641326
1727,18,0.006907110870641326
9309,18,0.006907110870641326
1967,18,0.006907110870641326
2286,18,0.006907110870641326
2606,18,0.006907110870641326
12545,18,0.006907110870641326
509,18,0.006907110870641326
1992,18,0.006907110870641326
12264,18,0.006907110870641326
7913,18,0.006907110870641326
8522,18,0.006907110870641326
10986,18,0.006907110870641326
3819,18,0.006907110870641326
3836,18,0.006907110870641326
4610,18,0.006907110870641326
8490,18,0.006907110870641326
3450,18,0.006907110870641326
10092,18,0.006907110870641326
6893,18,0.006907110870641326
11966,18,0.006907110870641326
12534,18,0.006907110870641326
3961,18,0.006907110870641326
6474,18,0.006907110870641326
7065,18,0.006907110870641326
2353,18,0.006907110870641326
2260,18,0.006907110870641326
7162,18,0.006907110870641326
6549,18,0.006907110870641326
8108,18,0.006907110870641326
4406,18,0.006907110870641326
8497,18,0.006907110870641326
9226,18,0.006907110870641326
4773,18,0.006907110870641326
4017,18,0.006907110870641326
22,18,0.006907110870641326
9859,18,0.006907110870641326
7520,18,0.006907110870641326
5608,18,0.006907110870641326
8655,18,0.006907110870641326
11264,18,0.006907110870641326
7667,18,0.006907110870641326
11855,18,0.006907110870641326
6363,18,0.006907110870641326
6826,18,0.006907110870641326
413,18,0.006907110870641326
6032,18,0.006907110870641326
1744,18,0.006907110870641326
10113,18,0.006907110870641326
706,18,0.006907110870641326
10185,18,0.006907110870641326
8689,18,0.006907110870641326
914,18,0.006907110870641326
3931,18,0.006907110870641326
236,18,0.006907110870641326
8732,18,0.006907110870641326
4191,18,0.006907110870641326
9987,18,0.006907110870641326
549,18,0.006907110870641326
7896,18,0.006907110870641326
8954,18,0.006907110870641326
12266,18,0.006907110870641326
3797,18,0.006907110870641326
5956,18,0.006907110870641326
8350,18,0.006907110870641326
6422,18,0.006907110870641326
3102,18,0.006907110870641326
9815,18,0.006907110870641326
382,18,0.006907110870641326
12315,18,0.006907110870641326
11157,18,0.006907110870641326
6014,18,0.006907110870641326
8214,18,0.006907110870641326
4903,18,0.006907110870641326
9287,18,0.006907110870641326
724,18,0.006907110870641326
9511,18,0.006907110870641326
5605,18,0.006907110870641326
10856,18,0.006907110870641326
11450,18,0.006907110870641326
7069,18,0.006907110870641326
389,18,0.006907110870641326
4268,18,0.006907110870641326
6956,18,0.006907110870641326
1232,18,0.006907110870641326
7457,18,0.006907110870641326
5430,18,0.006907110870641326
6261,18,0.006907110870641326
7823,18,0.006907110870641326
10108,18,0.006907110870641326
1374,18,0.006907110870641326
3703,18,0.006907110870641326
5636,18,0.006907110870641326
6953,18,0.006907110870641326
2083,18,0.006907110870641326
6632,18,0.006907110870641326
5315,18,0.006907110870641326
7403,18,0.006907110870641326
2093,18,0.006907110870641326
11907,18,0.006907110870641326
9406,18,0.006907110870641326
7280,18,0.006907110870641326
10142,18,0.006907110870641326
306,18,0.006907110870641326
3324,18,0.006907110870641326
2628,18,0.006907110870641326
1904,18,0.006907110870641326
10990,18,0.006907110870641326
960,18,0.006907110870641326
7446,18,0.006907110870641326
8513,18,0.006907110870641326
9806,18,0.006907110870641326
4841,18,0.006907110870641326
6849,18,0.006907110870641326
865,18,0.006907110870641326
7193,18,0.006907110870641326
9926,18,0.006907110870641326
2398,18,0.006907110870641326
5115,18,0.006907110870641326
5932,18,0.006907110870641326
2854,18,0.006907110870641326
1689,18,0.006907110870641326
4365,18,0.006907110870641326
2730,18,0.006907110870641326
6154,18,0.006907110870641326
2290,18,0.006907110870641326
4574,18,0.006907110870641326
3412,18,0.006907110870641326
11969,18,0.006907110870641326
11133,18,0.006907110870641326
9559,18,0.006907110870641326
6410,18,0.006907110870641326
11732,18,0.006907110870641326
2790,18,0.006907110870641326
8140,18,0.006907110870641326
10962,18,0.006907110870641326
8205,18,0.006907110870641326
1441,18,0.006907110870641326
5414,18,0.006907110870641326
9238,18,0.006907110870641326
8697,18,0.006907110870641326
2562,18,0.006907110870641326
6349,18,0.006907110870641326
850,18,0.006907110870641326
4950,18,0.006907110870641326
7845,18,0.006907110870641326
12216,18,0.006907110870641326
5937,18,0.006907110870641326
10037,18,0.006907110870641326
8972,18,0.006907110870641326
3436,18,0.006907110870641326
2914,18,0.006907110870641326
2519,18,0.006907110870641326
2595,18,0.006907110870641326
11707,18,0.006907110870641326
5679,18,0.006907110870641326
12555,18,0.006907110870641326
2963,18,0.006907110870641326
5855,18,0.006907110870641326
5208,18,0.006907110870641326
2300,18,0.006907110870641326
2649,18,0.006907110870641326
3493,18,0.006907110870641326
2970,18,0.006907110870641326
6278,18,0.006907110870641326
10539,18,0.006907110870641326
6468,18,0.006907110870641326
6475,18,0.006907110870641326
8181,18,0.006907110870641326
11035,18,0.006907110870641326
2784,18,0.006907110870641326
9741,18,0.006907110870641326
5074,18,0.006907110870641326
5766,18,0.006907110870641326
7083,18,0.006907110870641326
8106,18,0.006907110870641326
1245,18,0.006907110870641326
6157,18,0.006907110870641326
614,18,0.006907110870641326
12437,18,0.006907110870641326
3043,18,0.006907110870641326
2485,18,0.006907110870641326
9509,18,0.006907110870641326
3148,18,0.006907110870641326
9303,18,0.006907110870641326
7664,18,0.006907110870641326
8486,18,0.006907110870641326
5710,18,0.006907110870641326
3779,18,0.006907110870641326
7549,18,0.006907110870641326
3124,18,0.006907110870641326
6707,18,0.006907110870641326
8158,18,0.006907110870641326
11087,18,0.006907110870641326
226,18,0.006907110870641326
3513,18,0.006907110870641326
4540,18,0.006907110870641326
9569,18,0.006907110870641326
9625,18,0.006907110870641326
4686,18,0.006907110870641326
2218,18,0.006907110870641326
3470,18,0.006907110870641326
2494,18,0.006907110870641326
8730,18,0.006907110870641326
9585,18,0.006907110870641326
3255,18,0.006907110870641326
8667,18,0.006907110870641326
7460,18,0.006907110870641326
9935,18,0.006907110870641326
3075,18,0.006907110870641326
7989,18,0.006907110870641326
11005,18,0.006907110870641326
4407,18,0.006907110870641326
7024,18,0.006907110870641326
4886,18,0.006907110870641326
7918,18,0.006907110870641326
4359,18,0.006907110870641326
10439,18,0.006907110870641326
12019,18,0.006907110870641326
11662,18,0.006907110870641326
9365,18,0.006907110870641326
12395,18,0.006907110870641326
4591,18,0.006907110870641326
6638,18,0.006907110870641326
9875,18,0.006907110870641326
5121,18,0.006907110870641326
7476,18,0.006907110870641326
10475,18,0.006907110870641326
11117,18,0.006907110870641326
9395,18,0.006907110870641326
3866,18,0.006907110870641326
1819,18,0.006907110870641326
5571,18,0.006907110870641326
6141,18,0.006907110870641326
8187,18,0.006907110870641326
254,18,0.006907110870641326
11169,17,0.006523382488939029
5954,17,0.006523382488939029
4030,17,0.006523382488939029
1325,17,0.006523382488939029
1312,17,0.006523382488939029
3365,17,0.006523382488939029
1179,17,0.006523382488939029
2857,17,0.006523382488939029
2517,17,0.006523382488939029
9104,17,0.006523382488939029
9948,17,0.006523382488939029
6404,17,0.006523382488939029
7888,17,0.006523382488939029
8751,17,0.006523382488939029
9066,17,0.006523382488939029
7527,17,0.006523382488939029
10126,17,0.006523382488939029
11150,17,0.006523382488939029
10397,17,0.006523382488939029
6521,17,0.006523382488939029
5042,17,0.006523382488939029
6293,17,0.006523382488939029
5962,17,0.006523382488939029
3269,17,0.006523382488939029
5311,17,0.006523382488939029
2469,17,0.006523382488939029
6520,17,0.006523382488939029
11920,17,0.006523382488939029
1077,17,0.006523382488939029
934,17,0.006523382488939029
10768,17,0.006523382488939029
11368,17,0.006523382488939029
4280,17,0.006523382488939029
10702,17,0.006523382488939029
10967,17,0.006523382488939029
9183,17,0.006523382488939029
3890,17,0.006523382488939029
11963,17,0.006523382488939029
12424,17,0.006523382488939029
2407,17,0.006523382488939029
8185,17,0.006523382488939029
6283,17,0.006523382488939029
9999,17,0.006523382488939029
12330,17,0.006523382488939029
6951,17,0.006523382488939029
7735,17,0.006523382488939029
3137,17,0.006523382488939029
12320,17,0.006523382488939029
9173,17,0.006523382488939029
4590,17,0.006523382488939029
9330,17,0.006523382488939029
3378,17,0.006523382488939029
8995,17,0.006523382488939029
12067,17,0.006523382488939029
4630,17,0.006523382488939029
1384,17,0.006523382488939029
9629,17,0.006523382488939029
9896,17,0.006523382488939029
1214,17,0.006523382488939029
4155,17,0.006523382488939029
1777,17,0.006523382488939029
6383,17,0.006523382488939029
1837,17,0.006523382488939029
4885,17,0.006523382488939029
2096,17,0.006523382488939029
6613,17,0.006523382488939029
1887,17,0.006523382488939029
10273,17,0.006523382488939029
10385,17,0.006523382488939029
10815,17,0.006523382488939029
7357,17,0.006523382488939029
1338,17,0.006523382488939029
79,17,0.006523382488939029
11715,17,0.006523382488939029
1640,17,0.006523382488939029
3080,17,0.006523382488939029
7466,17,0.006523382488939029
4168,17,0.006523382488939029
6674,17,0.006523382488939029
12560,17,0.006523382488939029
7346,17,0.006523382488939029
5410,17,0.006523382488939029
5405,17,0.006523382488939029
11979,17,0.006523382488939029
4659,17,0.006523382488939029
11653,17,0.006523382488939029
4452,17,0.006523382488939029
10610,17,0.006523382488939029
9135,17,0.006523382488939029
8101,17,0.006523382488939029
2998,17,0.006523382488939029
2364,17,0.006523382488939029
3913,17,0.006523382488939029
1507,17,0.006523382488939029
12183,17,0.006523382488939029
7970,17,0.006523382488939029
7479,17,0.006523382488939029
5495,17,0.006523382488939029
7374,17,0.006523382488939029
9974,17,0.006523382488939029
2853,17,0.006523382488939029
1641,17,0.006523382488939029
9683,17,0.006523382488939029
6312,17,0.006523382488939029
11173,17,0.006523382488939029
6097,17,0.006523382488939029
5567,17,0.006523382488939029
10914,17,0.006523382488939029
11472,17,0.006523382488939029
8454,17,0.006523382488939029
6792,17,0.006523382488939029
11164,17,0.006523382488939029
11929,17,0.006523382488939029
5779,17,0.006523382488939029
11471,17,0.006523382488939029
9539,17,0.006523382488939029
4761,17,0.006523382488939029
6125,17,0.006523382488939029
7994,17,0.006523382488939029
4192,17,0.006523382488939029
7453,17,0.006523382488939029
6419,17,0.006523382488939029
5404,17,0.006523382488939029
11702,17,0.006523382488939029
7138,17,0.006523382488939029
11835,17,0.006523382488939029
2298,17,0.006523382488939029
2885,17,0.006523382488939029
2278,17,0.006523382488939029
9993,17,0.006523382488939029
9240,17,0.006523382488939029
5491,17,0.006523382488939029
3443,17,0.006523382488939029
1746,17,0.006523382488939029
3912,17,0.006523382488939029
8680,17,0.006523382488939029
12487,17,0.006523382488939029
6733,17,0.006523382488939029
3726,17,0.006523382488939029
3930,17,0.006523382488939029
3167,17,0.006523382488939029
491,17,0.006523382488939029
5175,17,0.006523382488939029
9679,17,0.006523382488939029
10875,17,0.006523382488939029
8040,17,0.006523382488939029
292,17,0.006523382488939029
6836,17,0.006523382488939029
8311,17,0.006523382488939029
1227,17,0.006523382488939029
7465,17,0.006523382488939029
325,17,0.006523382488939029
8046,17,0.006523382488939029
311,17,0.006523382488939029
2834,17,0.006523382488939029
5787,17,0.006523382488939029
12391,17,0.006523382488939029
6972,17,0.006523382488939029
2462,17,0.006523382488939029
4487,17,0.006523382488939029
12508,17,0.006523382488939029
4999,17,0.006523382488939029
12306,17,0.006523382488939029
6128,17,0.006523382488939029
1354,17,0.006523382488939029
9812,17,0.006523382488939029
5449,17,0.006523382488939029
432,17,0.006523382488939029
607,17,0.006523382488939029
11863,17,0.006523382488939029
2128,17,0.006523382488939029
6698,17,0.006523382488939029
3314,17,0.006523382488939029
327,17,0.006523382488939029
8104,17,0.006523382488939029
10239,17,0.006523382488939029
2133,17,0.006523382488939029
5043,17,0.006523382488939029
7668,17,0.006523382488939029
9270,17,0.006523382488939029
9221,17,0.006523382488939029
9082,17,0.006523382488939029
8944,17,0.006523382488939029
8052,17,0.006523382488939029
9160,17,0.006523382488939029
1745,17,0.006523382488939029
11531,17,0.006523382488939029
475,17,0.006523382488939029
11688,17,0.006523382488939029
4873,17,0.006523382488939029
9428,17,0.006523382488939029
12353,17,0.006523382488939029
10381,17,0.006523382488939029
6455,17,0.006523382488939029
11636,17,0.006523382488939029
9239,17,0.006523382488939029
2880,17,0.006523382488939029
3138,17,0.006523382488939029
11174,17,0.006523382488939029
1931,17,0.006523382488939029
4833,17,0.006523382488939029
178,17,0.006523382488939029
4606,17,0.006523382488939029
5349,17,0.006523382488939029
698,17,0.006523382488939029
10156,17,0.006523382488939029
777,17,0.006523382488939029
190,17,0.006523382488939029
8479,17,0.006523382488939029
1291,17,0.006523382488939029
7838,17,0.006523382488939029
1085,17,0.006523382488939029
6356,17,0.006523382488939029
7777,17,0.006523382488939029
5039,17,0.006523382488939029
8871,17,0.006523382488939029
9510,17,0.006523382488939029
6838,17,0.006523382488939029
3914,17,0.006523382488939029
6786,17,0.006523382488939029
10917,17,0.006523382488939029
6263,17,0.006523382488939029
3937,17,0.006523382488939029
2797,17,0.006523382488939029
12456,17,0.006523382488939029
12383,17,0.006523382488939029
137,16,0.006139654107236734
8752,16,0.006139654107236734
3905,16,0.006139654107236734
7739,16,0.006139654107236734
8001,16,0.006139654107236734
6254,16,0.006139654107236734
993,16,0.006139654107236734
4387,16,0.006139654107236734
2063,16,0.006139654107236734
1401,16,0.006139654107236734
1303,16,0.006139654107236734
10422,16,0.006139654107236734
2441,16,0.006139654107236734
2224,16,0.006139654107236734
8543,16,0.006139654107236734
5950,16,0.006139654107236734
9553,16,0.006139654107236734
9727,16,0.006139654107236734
2541,16,0.006139654107236734
11459,16,0.006139654107236734
493,16,0.006139654107236734
4684,16,0.006139654107236734
6891,16,0.006139654107236734
11686,16,0.006139654107236734
7344,16,0.006139654107236734
1990,16,0.006139654107236734
2812,16,0.006139654107236734
10525,16,0.006139654107236734
12086,16,0.006139654107236734
1109,16,0.006139654107236734
12251,16,0.006139654107236734
10726,16,0.006139654107236734
10313,16,0.006139654107236734
8763,16,0.006139654107236734
4267,16,0.006139654107236734
3662,16,0.006139654107236734
7547,16,0.006139654107236734
1703,16,0.006139654107236734
4299,16,0.006139654107236734
3114,16,0.006139654107236734
7094,16,0.006139654107236734
673,16,0.006139654107236734
3830,16,0.006139654107236734
374,16,0.006139654107236734
12466,16,0.006139654107236734
1843,16,0.006139654107236734
2622,16,0.006139654107236734
11419,16,0.006139654107236734
7796,16,0.006139654107236734
1756,16,0.006139654107236734
4301,16,0.006139654107236734
6357,16,0.006139654107236734
6165,16,0.006139654107236734
9377,16,0.006139654107236734
10370,16,0.006139654107236734
8618,16,0.006139654107236734
5867,16,0.006139654107236734
2775,16,0.006139654107236734
10045,16,0.006139654107236734
8921,16,0.006139654107236734
6523,16,0.006139654107236734
8322,16,0.006139654107236734
3605,16,0.006139654107236734
5934,16,0.006139654107236734
8917,16,0.006139654107236734
6108,16,0.006139654107236734
7759,16,0.006139654107236734
7576,16,0.006139654107236734
11690,16,0.006139654107236734
2876,16,0.006139654107236734
2285,16,0.006139654107236734
3029,16,0.006139654107236734
7653,16,0.006139654107236734
6408,16,0.006139654107236734
9644,16,0.006139654107236734
1742,16,0.006139654107236734
3922,16,0.006139654107236734
7233,16,0.006139654107236734
6024,16,0.006139654107236734
1937,16,0.006139654107236734
11642,16,0.006139654107236734
5771,16,0.006139654107236734
11801,16,0.006139654107236734
2943,16,0.006139654107236734
8143,16,0.006139654107236734
1059,16,0.006139654107236734
11254,16,0.006139654107236734
10477,16,0.006139654107236734
8334,16,0.006139654107236734
2041,16,0.006139654107236734
8439,16,0.006139654107236734
10272,16,0.006139654107236734
5550,16,0.006139654107236734
1538,16,0.006139654107236734
11182,16,0.006139654107236734
6412,16,0.006139654107236734
1313,16,0.006139654107236734
9393,16,0.006139654107236734
1064,16,0.006139654107236734
7056,16,0.006139654107236734
3104,16,0.006139654107236734
9282,16,0.006139654107236734
8405,16,0.006139654107236734
4304,16,0.006139654107236734
3245,16,0.006139654107236734
3405,16,0.006139654107236734
7820,16,0.006139654107236734
7841,16,0.006139654107236734
9775,16,0.006139654107236734
3259,16,0.006139654107236734
9757,16,0.006139654107236734
4504,16,0.006139654107236734
6571,16,0.006139654107236734
9878,16,0.006139654107236734
3735,16,0.006139654107236734
11146,16,0.006139654107236734
5552,16,0.006139654107236734
4287,16,0.006139654107236734
9002,16,0.006139654107236734
8772,16,0.006139654107236734
7646,16,0.006139654107236734
5248,16,0.006139654107236734
2301,16,0.006139654107236734
800,16,0.006139654107236734
9405,16,0.006139654107236734
4731,16,0.006139654107236734
3842,16,0.006139654107236734
5993,16,0.006139654107236734
10060,16,0.006139654107236734
1221,16,0.006139654107236734
11677,16,0.006139654107236734
5884,16,0.006139654107236734
250,16,0.006139654107236734
6800,16,0.006139654107236734
10901,16,0.006139654107236734
289,16,0.006139654107236734
5095,16,0.006139654107236734
11490,16,0.006139654107236734
4503,16,0.006139654107236734
9711,16,0.006139654107236734
10943,16,0.006139654107236734
10047,16,0.006139654107236734
11202,16,0.006139654107236734
12338,16,0.006139654107236734
3498,16,0.006139654107236734
599,16,0.006139654107236734
7929,16,0.006139654107236734
8799,16,0.006139654107236734
9052,16,0.006139654107236734
9656,16,0.006139654107236734
543,16,0.006139654107236734
6989,16,0.006139654107236734
10678,16,0.006139654107236734
12233,16,0.006139654107236734
10632,16,0.006139654107236734
9385,16,0.006139654107236734
3009,16,0.006139654107236734
11509,16,0.006139654107236734
998,16,0.006139654107236734
6772,16,0.006139654107236734
10013,16,0.006139654107236734
4808,16,0.006139654107236734
2739,16,0.006139654107236734
11875,16,0.006139654107236734
3511,16,0.006139654107236734
227,16,0.006139654107236734
498,16,0.006139654107236734
3932,16,0.006139654107236734
2912,16,0.006139654107236734
6646,16,0.006139654107236734
9821,16,0.006139654107236734
4399,16,0.006139654107236734
2037,16,0.006139654107236734
536,16,0.006139654107236734
9142,16,0.006139654107236734
2692,16,0.006139654107236734
10010,16,0.006139654107236734
10114,16,0.006139654107236734
10683,16,0.006139654107236734
7239,16,0.006139654107236734
10736,16,0.006139654107236734
714,16,0.006139654107236734
5899,16,0.006139654107236734
10234,16,0.006139654107236734
5098,16,0.006139654107236734
4597,16,0.006139654107236734
12474,16,0.006139654107236734
2095,16,0.006139654107236734
732,16,0.006139654107236734
5100,16,0.006139654107236734
3581,16,0.006139654107236734
1369,16,0.006139654107236734
9648,16,0.006139654107236734
12308,16,0.006139654107236734
11178,16,0.006139654107236734
1953,16,0.006139654107236734
5186,16,0.006139654107236734
2515,16,0.006139654107236734
4484,16,0.006139654107236734
1784,16,0.006139654107236734
4594,16,0.006139654107236734
7261,16,0.006139654107236734
3636,16,0.006139654107236734
2702,16,0.006139654107236734
11772,16,0.006139654107236734
692,16,0.006139654107236734
8251,16,0.006139654107236734
4793,16,0.006139654107236734
12057,16,0.006139654107236734
8831,16,0.006139654107236734
10143,16,0.006139654107236734
1995,16,0.006139654107236734
9933,16,0.006139654107236734
4941,16,0.006139654107236734
11335,16,0.006139654107236734
7999,16,0.006139654107236734
6940,16,0.006139654107236734
2878,16,0.006139654107236734
2600,16,0.006139654107236734
11242,16,0.006139654107236734
10418,16,0.006139654107236734
9827,16,0.006139654107236734
8347,16,0.006139654107236734
11375,16,0.006139654107236734
472,16,0.006139654107236734
1522,16,0.006139654107236734
6416,16,0.006139654107236734
3612,16,0.006139654107236734
6285,16,0.006139654107236734
8570,16,0.006139654107236734
3332,16,0.006139654107236734
688,16,0.006139654107236734
11385,16,0.006139654107236734
1267,16,0.006139654107236734
4174,16,0.006139654107236734
2921,16,0.006139654107236734
2665,15,0.0057559257255344375
10266,15,0.0057559257255344375
4760,15,0.0057559257255344375
2123,15,0.0057559257255344375
4055,15,0.0057559257255344375
7558,15,0.0057559257255344375
8721,15,0.0057559257255344375
1432,15,0.0057559257255344375
2349,15,0.0057559257255344375
10784,15,0.0057559257255344375
8621,15,0.0057559257255344375
8579,15,0.0057559257255344375
348,15,0.0057559257255344375
11380,15,0.0057559257255344375
4314,15,0.0057559257255344375
9672,15,0.0057559257255344375
9029,15,0.0057559257255344375
5394,15,0.0057559257255344375
11758,15,0.0057559257255344375
8090,15,0.0057559257255344375
10417,15,0.0057559257255344375
9965,15,0.0057559257255344375
235,15,0.0057559257255344375
9661,15,0.0057559257255344375
1435,15,0.0057559257255344375
5087,15,0.0057559257255344375
7832,15,0.0057559257255344375
3005,15,0.0057559257255344375
5139,15,0.0057559257255344375
11421,15,0.0057559257255344375
5817,15,0.0057559257255344375
5712,15,0.0057559257255344375
1873,15,0.0057559257255344375
10433,15,0.0057559257255344375
11795,15,0.0057559257255344375
3117,15,0.0057559257255344375
6685,15,0.0057559257255344375
7384,15,0.0057559257255344375
5306,15,0.0057559257255344375
6310,15,0.0057559257255344375
4029,15,0.0057559257255344375
1656,15,0.0057559257255344375
11585,15,0.0057559257255344375
9503,15,0.0057559257255344375
9084,15,0.0057559257255344375
8146,15,0.0057559257255344375
6472,15,0.0057559257255344375
7019,15,0.0057559257255344375
8887,15,0.0057559257255344375
4097,15,0.0057559257255344375
2065,15,0.0057559257255344375
7294,15,0.0057559257255344375
687,15,0.0057559257255344375
11753,15,0.0057559257255344375
9248,15,0.0057559257255344375
503,15,0.0057559257255344375
939,15,0.0057559257255344375
8345,15,0.0057559257255344375
11583,15,0.0057559257255344375
867,15,0.0057559257255344375
3122,15,0.0057559257255344375
8357,15,0.0057559257255344375
128,15,0.0057559257255344375
7907,15,0.0057559257255344375
3903,15,0.0057559257255344375
3232,15,0.0057559257255344375
7172,15,0.0057559257255344375
12331,15,0.0057559257255344375
11598,15,0.0057559257255344375
9171,15,0.0057559257255344375
7497,15,0.0057559257255344375
1181,15,0.0057559257255344375
7569,15,0.0057559257255344375
11330,15,0.0057559257255344375
977,15,0.0057559257255344375
6156,15,0.0057559257255344375
962,15,0.0057559257255344375
5824,15,0.0057559257255344375
5836,15,0.0057559257255344375
6129,15,0.0057559257255344375
8554,15,0.0057559257255344375
11463,15,0.0057559257255344375
10231,15,0.0057559257255344375
9483,15,0.0057559257255344375
2484,15,0.0057559257255344375
2652,15,0.0057559257255344375
2707,15,0.0057559257255344375
11160,15,0.0057559257255344375
1178,15,0.0057559257255344375
5726,15,0.0057559257255344375
14,15,0.0057559257255344375
1196,15,0.0057559257255344375
1155,15,0.0057559257255344375
10991,15,0.0057559257255344375
6664,15,0.0057559257255344375
5270,15,0.0057559257255344375
3631,15,0.0057559257255344375
5911,15,0.0057559257255344375
4269,15,0.0057559257255344375
5030,15,0.0057559257255344375
3162,15,0.0057559257255344375
8245,15,0.0057559257255344375
8502,15,0.0057559257255344375
8688,15,0.0057559257255344375
3325,15,0.0057559257255344375
2588,15,0.0057559257255344375
10485,15,0.0057559257255344375
7551,15,0.0057559257255344375
3711,15,0.0057559257255344375
12422,15,0.0057559257255344375
6528,15,0.0057559257255344375
4039,15,0.0057559257255344375
163,15,0.0057559257255344375
10973,15,0.0057559257255344375
2591,15,0.0057559257255344375
1515,15,0.0057559257255344375
11455,15,0.0057559257255344375
12413,15,0.0057559257255344375
6041,15,0.0057559257255344375
5398,15,0.0057559257255344375
1566,15,0.0057559257255344375
3755,15,0.0057559257255344375
11449,15,0.0057559257255344375
7684,15,0.0057559257255344375
1103,15,0.0057559257255344375
11827,15,0.0057559257255344375
3547,15,0.0057559257255344375
3588,15,0.0057559257255344375
10519,15,0.0057559257255344375
8535,15,0.0057559257255344375
11510,15,0.0057559257255344375
7299,15,0.0057559257255344375
3236,15,0.0057559257255344375
9568,15,0.0057559257255344375
1238,15,0.0057559257255344375
11360,15,0.0057559257255344375
3976,15,0.0057559257255344375
11460,15,0.0057559257255344375
12550,15,0.0057559257255344375
2580,15,0.0057559257255344375
11792,15,0.0057559257255344375
8451,15,0.0057559257255344375
1717,15,0.0057559257255344375
11145,15,0.0057559257255344375
8238,15,0.0057559257255344375
1037,15,0.0057559257255344375
3091,15,0.0057559257255344375
4111,15,0.0057559257255344375
1162,15,0.0057559257255344375
6778,15,0.0057559257255344375
7441,15,0.0057559257255344375
2126,15,0.0057559257255344375
1309,15,0.0057559257255344375
3040,15,0.0057559257255344375
4357,15,0.0057559257255344375
6466,15,0.0057559257255344375
3044,15,0.0057559257255344375
1608,15,0.0057559257255344375
8095,15,0.0057559257255344375
4673,15,0.0057559257255344375
6505,15,0.0057559257255344375
10515,15,0.0057559257255344375
5310,15,0.0057559257255344375
4709,15,0.0057559257255344375
4439,15,0.0057559257255344375
11158,15,0.0057559257255344375
3739,15,0.0057559257255344375
8339,15,0.0057559257255344375
3183,15,0.0057559257255344375
9912,15,0.0057559257255344375
8764,15,0.0057559257255344375
1567,15,0.0057559257255344375
11166,15,0.0057559257255344375
9973,15,0.0057559257255344375
11515,15,0.0057559257255344375
8706,15,0.0057559257255344375
8028,15,0.0057559257255344375
6630,15,0.0057559257255344375
2305,15,0.0057559257255344375
4790,15,0.0057559257255344375
6949,15,0.0057559257255344375
3539,15,0.0057559257255344375
10219,15,0.0057559257255344375
7029,15,0.0057559257255344375
9014,15,0.0057559257255344375
11860,15,0.0057559257255344375
2414,15,0.0057559257255344375
2520,15,0.0057559257255344375
7788,15,0.0057559257255344375
10455,15,0.0057559257255344375
151,15,0.0057559257255344375
10847,15,0.0057559257255344375
11692,15,0.0057559257255344375
6337,15,0.0057559257255344375
11322,15,0.0057559257255344375
5478,15,0.0057559257255344375
7004,15,0.0057559257255344375
5329,15,0.0057559257255344375
12294,15,0.0057559257255344375
11884,15,0.0057559257255344375
7161,15,0.0057559257255344375
12188,15,0.0057559257255344375
2032,15,0.0057559257255344375
9312,15,0.0057559257255344375
11893,15,0.0057559257255344375
7703,15,0.0057559257255344375
2209,15,0.0057559257255344375
6923,15,0.0057559257255344375
3490,15,0.0057559257255344375
1818,15,0.0057559257255344375
7063,15,0.0057559257255344375
11746,15,0.0057559257255344375
592,15,0.0057559257255344375
7053,15,0.0057559257255344375
9295,15,0.0057559257255344375
8542,15,0.0057559257255344375
1118,15,0.0057559257255344375
2861,15,0.0057559257255344375
6194,15,0.0057559257255344375
10504,15,0.0057559257255344375
8979,15,0.0057559257255344375
8640,15,0.0057559257255344375
7086,15,0.0057559257255344375
173,15,0.0057559257255344375
2502,15,0.0057559257255344375
12472,15,0.0057559257255344375
8352,15,0.0057559257255344375
12234,15,0.0057559257255344375
10844,15,0.0057559257255344375
7183,15,0.0057559257255344375
12291,15,0.0057559257255344375
8812,15,0.0057559257255344375
9713,15,0.0057559257255344375
8367,15,0.0057559257255344375
7556,15,0.0057559257255344375
1733,15,0.0057559257255344375
10424,15,0.0057559257255344375
11606,15,0.0057559257255344375
2136,15,0.0057559257255344375
10835,15,0.0057559257255344375
10896,15,0.0057559257255344375
7103,15,0.0057559257255344375
10456,15,0.0057559257255344375
3105,15,0.0057559257255344375
5784,15,0.0057559257255344375
3587,15,0.0057559257255344375
5324,14,0.005372197343832142
11867,14,0.005372197343832142
3383,14,0.005372197343832142
4142,14,0.005372197343832142
1427,14,0.005372197343832142
11828,14,0.005372197343832142
12097,14,0.005372197343832142
3480,14,0.005372197343832142
6480,14,0.005372197343832142
4181,14,0.005372197343832142
10376,14,0.005372197343832142
9105,14,0.005372197343832142
5876,14,0.005372197343832142
828,14,0.005372197343832142
569,14,0.005372197343832142
583,14,0.005372197343832142
7068,14,0.005372197343832142
11545,14,0.005372197343832142
1588,14,0.005372197343832142
1254,14,0.005372197343832142
5704,14,0.005372197343832142
8142,14,0.005372197343832142
2923,14,0.005372197343832142
8277,14,0.005372197343832142
3364,14,0.005372197343832142
3229,14,0.005372197343832142
394,14,0.005372197343832142
9166,14,0.005372197343832142
2972,14,0.005372197343832142
1794,14,0.005372197343832142
3265,14,0.005372197343832142
7502,14,0.005372197343832142
6603,14,0.005372197343832142
6488,14,0.005372197343832142
11859,14,0.005372197343832142
11798,14,0.005372197343832142
10587,14,0.005372197343832142
10561,14,0.005372197343832142
9250,14,0.005372197343832142
4702,14,0.005372197343832142
12109,14,0.005372197343832142
3253,14,0.005372197343832142
3014,14,0.005372197343832142
11028,14,0.005372197343832142
11325,14,0.005372197343832142
829,14,0.005372197343832142
7506,14,0.005372197343832142
11051,14,0.005372197343832142
9972,14,0.005372197343832142
10799,14,0.005372197343832142
10076,14,0.005372197343832142
11044,14,0.005372197343832142
3011,14,0.005372197343832142
9496,14,0.005372197343832142
1678,14,0.005372197343832142
9752,14,0.005372197343832142
2968,14,0.005372197343832142
10071,14,0.005372197343832142
3741,14,0.005372197343832142
11153,14,0.005372197343832142
9716,14,0.005372197343832142
2952,14,0.005372197343832142
11448,14,0.005372197343832142
5695,14,0.005372197343832142
4954,14,0.005372197343832142
10975,14,0.005372197343832142
10059,14,0.005372197343832142
9279,14,0.005372197343832142
280,14,0.005372197343832142
4353,14,0.005372197343832142
11656,14,0.005372197343832142
10696,14,0.005372197343832142
9506,14,0.005372197343832142
12041,14,0.005372197343832142
4523,14,0.005372197343832142
5426,14,0.005372197343832142
10801,14,0.005372197343832142
165,14,0.005372197343832142
158,14,0.005372197343832142
7661,14,0.005372197343832142
2860,14,0.005372197343832142
4603,14,0.005372197343832142
8705,14,0.005372197343832142
10906,14,0.005372197343832142
5382,14,0.005372197343832142
9302,14,0.005372197343832142
8317,14,0.005372197343832142
8167,14,0.005372197343832142
2144,14,0.005372197343832142
3328,14,0.005372197343832142
3639,14,0.005372197343832142
3688,14,0.005372197343832142
8912,14,0.005372197343832142
6340,14,0.005372197343832142
2630,14,0.005372197343832142
7607,14,0.005372197343832142
7579,14,0.005372197343832142
7325,14,0.005372197343832142
12375,14,0.005372197343832142
8231,14,0.005372197343832142
11529,14,0.005372197343832142
9235,14,0.005372197343832142
2277,14,0.005372197343832142
10774,14,0.005372197343832142
9562,14,0.005372197343832142
8641,14,0.005372197343832142
891,14,0.005372197343832142
7014,14,0.005372197343832142
930,14,0.005372197343832142
4264,14,0.005372197343832142
12382,14,0.005372197343832142
11193,14,0.005372197343832142
6327,14,0.005372197343832142
4690,14,0.005372197343832142
12053,14,0.005372197343832142
1419,14,0.005372197343832142
11140,14,0.005372197343832142
4776,14,0.005372197343832142
11706,14,0.005372197343832142
11098,14,0.005372197343832142
10551,14,0.005372197343832142
35,14,0.005372197343832142
2014,14,0.005372197343832142
5832,14,0.005372197343832142
1539,14,0.005372197343832142
405,14,0.005372197343832142
10873,14,0.005372197343832142
6289,14,0.005372197343832142
3047,14,0.005372197343832142
12012,14,0.005372197343832142
3288,14,0.005372197343832142
4118,14,0.005372197343832142
5714,14,0.005372197343832142
9378,14,0.005372197343832142
462,14,0.005372197343832142
11897,14,0.005372197343832142
4302,14,0.005372197343832142
12287,14,0.005372197343832142
2569,14,0.005372197343832142
9390,14,0.005372197343832142
9326,14,0.005372197343832142
3199,14,0.005372197343832142
8727,14,0.005372197343832142
9730,14,0.005372197343832142
4036,14,0.005372197343832142
4979,14,0.005372197343832142
1026,14,0.005372197343832142
12045,14,0.005372197343832142
4927,14,0.005372197343832142
1621,14,0.005372197343832142
3418,14,0.005372197343832142
1301,14,0.005372197343832142
6766,14,0.005372197343832142
4005,14,0.005372197343832142
3892,14,0.005372197343832142
9107,14,0.005372197343832142
7713,14,0.005372197343832142
4557,14,0.005372197343832142
3868,14,0.005372197343832142
6722,14,0.005372197343832142
9237,14,0.005372197343832142
4706,14,0.005372197343832142
6485,14,0.005372197343832142
9418,14,0.005372197343832142
2896,14,0.005372197343832142
10282,14,0.005372197343832142
725,14,0.005372197343832142
1332,14,0.005372197343832142
12005,14,0.005372197343832142
3680,14,0.005372197343832142
9440,14,0.005372197343832142
5223,14,0.005372197343832142
5146,14,0.005372197343832142
7974,14,0.005372197343832142
7818,14,0.005372197343832142
2839,14,0.005372197343832142
3130,14,0.005372197343832142
10863,14,0.005372197343832142
9463,14,0.005372197343832142
7206,14,0.005372197343832142
4103,14,0.005372197343832142
7931,14,0.005372197343832142
5,14,0.005372197343832142
3341,14,0.005372197343832142
4460,14,0.005372197343832142
495,14,0.005372197343832142
1832,14,0.005372197343832142
4416,14,0.005372197343832142
9328,14,0.005372197343832142
10994,14,0.005372197343832142
375,14,0.005372197343832142
12394,14,0.005372197343832142
674,14,0.005372197343832142
8082,14,0.005372197343832142
1132,14,0.005372197343832142
10237,14,0.005372197343832142
10616,14,0.005372197343832142
11054,14,0.005372197343832142
4015,14,0.005372197343832142
6548,14,0.005372197343832142
10572,14,0.005372197343832142
5680,14,0.005372197343832142
3048,14,0.005372197343832142
4957,14,0.005372197343832142
7802,14,0.005372197343832142
6579,14,0.005372197343832142
10855,14,0.005372197343832142
1823,14,0.005372197343832142
7869,14,0.005372197343832142
9411,14,0.005372197343832142
2897,14,0.005372197343832142
2745,14,0.005372197343832142
1586,14,0.005372197343832142
12008,14,0.005372197343832142
6177,14,0.005372197343832142
1646,14,0.005372197343832142
7425,14,0.005372197343832142
9908,14,0.005372197343832142
6686,14,0.005372197343832142
8662,14,0.005372197343832142
3579,14,0.005372197343832142
10559,14,0.005372197343832142
3376,14,0.005372197343832142
2552,14,0.005372197343832142
282,14,0.005372197343832142
567,14,0.005372197343832142
2492,14,0.005372197343832142
6635,14,0.005372197343832142
5863,14,0.005372197343832142
1212,14,0.005372197343832142
11700,14,0.005372197343832142
9189,14,0.005372197343832142
6059,14,0.005372197343832142
3312,14,0.005372197343832142
1809,14,0.005372197343832142
2473,14,0.005372197343832142
3271,13,0.004988468962129846
1280,13,0.004988468962129846
3399,13,0.004988468962129846
3950,13,0.004988468962129846
1019,13,0.004988468962129846
12143,13,0.004988468962129846
10897,13,0.004988468962129846
10709,13,0.004988468962129846
7134,13,0.004988468962129846
3773,13,0.004988468962129846
722,13,0.004988468962129846
9623,13,0.004988468962129846
6720,13,0.004988468962129846
9115,13,0.004988468962129846
18,13,0.004988468962129846
4295,13,0.004988468962129846
10465,13,0.004988468962129846
11086,13,0.004988468962129846
1006,13,0.004988468962129846
3969,13,0.004988468962129846
8597,13,0.004988468962129846
8785,13,0.004988468962129846
3835,13,0.004988468962129846
2840,13,0.004988468962129846
2826,13,0.004988468962129846
1502,13,0.004988468962129846
8427,13,0.004988468962129846
8100,13,0.004988468962129846
11535,13,0.004988468962129846
1416,13,0.004988468962129846
5764,13,0.004988468962129846
8978,13,0.004988468962129846
798,13,0.004988468962129846
4674,13,0.004988468962129846
9582,13,0.004988468962129846
10386,13,0.004988468962129846
1482,13,0.004988468962129846
2894,13,0.004988468962129846
5110,13,0.004988468962129846
11312,13,0.004988468962129846
4537,13,0.004988468962129846
5066,13,0.004988468962129846
11432,13,0.004988468962129846
4929,13,0.004988468962129846
8042,13,0.004988468962129846
3733,13,0.004988468962129846
10909,13,0.004988468962129846
12011,13,0.004988468962129846
4048,13,0.004988468962129846
10160,13,0.004988468962129846
5936,13,0.004988468962129846
9707,13,0.004988468962129846
3706,13,0.004988468962129846
8876,13,0.004988468962129846
7433,13,0.004988468962129846
10196,13,0.004988468962129846
6589,13,0.004988468962129846
922,13,0.004988468962129846
1039,13,0.004988468962129846
7331,13,0.004988468962129846
6009,13,0.004988468962129846
9375,13,0.004988468962129846
4915,13,0.004988468962129846
6750,13,0.004988468962129846
4824,13,0.004988468962129846
6689,13,0.004988468962129846
5516,13,0.004988468962129846
5356,13,0.004988468962129846
1397,13,0.004988468962129846
11607,13,0.004988468962129846
7105,13,0.004988468962129846
677,13,0.004988468962129846
5694,13,0.004988468962129846
5822,13,0.004988468962129846
277,13,0.004988468962129846
11645,13,0.004988468962129846
8749,13,0.004988468962129846
4831,13,0.004988468962129846
5703,13,0.004988468962129846
4795,13,0.004988468962129846
2603,13,0.004988468962129846
11871,13,0.004988468962129846
9717,13,0.004988468962129846
1997,13,0.004988468962129846
5510,13,0.004988468962129846
10878,13,0.004988468962129846
9630,13,0.004988468962129846
10005,13,0.004988468962129846
9642,13,0.004988468962129846
4032,13,0.004988468962129846
7866,13,0.004988468962129846
4389,13,0.004988468962129846
8548,13,0.004988468962129846
2269,13,0.004988468962129846
8937,13,0.004988468962129846
10107,13,0.004988468962129846
3743,13,0.004988468962129846
10679,13,0.004988468962129846
8239,13,0.004988468962129846
5655,13,0.004988468962129846
8452,13,0.004988468962129846
5468,13,0.004988468962129846
9277,13,0.004988468962129846
11350,13,0.004988468962129846
2617,13,0.004988468962129846
1934,13,0.004988468962129846
4623,13,0.004988468962129846
2233,13,0.004988468962129846
9735,13,0.004988468962129846
10689,13,0.004988468962129846
7033,13,0.004988468962129846
3338,13,0.004988468962129846
8344,13,0.004988468962129846
11958,13,0.004988468962129846
5579,13,0.004988468962129846
86,13,0.004988468962129846
11280,13,0.004988468962129846
8794,13,0.004988468962129846
4741,13,0.004988468962129846
2457,13,0.004988468962129846
1110,13,0.004988468962129846
7601,13,0.004988468962129846
8592,13,0.004988468962129846
3763,13,0.004988468962129846
6011,13,0.004988468962129846
9641,13,0.004988468962129846
3194,13,0.004988468962129846
6118,13,0.004988468962129846
1058,13,0.004988468962129846
10499,13,0.004988468962129846
5791,13,0.004988468962129846
7093,13,0.004988468962129846
4160,13,0.004988468962129846
12428,13,0.004988468962129846
10002,13,0.004988468962129846
3389,13,0.004988468962129846
6527,13,0.004988468962129846
2746,13,0.004988468962129846
11167,13,0.004988468962129846
2684,13,0.004988468962129846
10228,13,0.004988468962129846
11751,13,0.004988468962129846
4021,13,0.004988468962129846
6171,13,0.004988468962129846
864,13,0.004988468962129846
10527,13,0.004988468962129846
9863,13,0.004988468962129846
11542,13,0.004988468962129846
1145,13,0.004988468962129846
12001,13,0.004988468962129846
6409,13,0.004988468962129846
1365,13,0.004988468962129846
7092,13,0.004988468962129846
76,13,0.004988468962129846
5819,13,0.004988468962129846
6149,13,0.004988468962129846
869,13,0.004988468962129846
9344,13,0.004988468962129846
7182,13,0.004988468962129846
10336,13,0.004988468962129846
1638,13,0.004988468962129846
1090,13,0.004988468962129846
9063,13,0.004988468962129846
1767,13,0.004988468962129846
10570,13,0.004988468962129846
11673,13,0.004988468962129846
9087,13,0.004988468962129846
1166,13,0.004988468962129846
334,13,0.004988468962129846
10651,13,0.004988468962129846
9952,13,0.004988468962129846
1829,13,0.004988468962129846
10936,13,0.004988468962129846
2280,13,0.004988468962129846
7215,13,0.004988468962129846
1693,13,0.004988468962129846
2348,13,0.004988468962129846
9291,13,0.004988468962129846
6364,13,0.004988468962129846
11748,13,0.004988468962129846
10303,13,0.004988468962129846
10966,13,0.004988468962129846
241,13,0.004988468962129846
4720,13,0.004988468962129846
6509,13,0.004988468962129846
11289,13,0.004988468962129846
11328,13,0.004988468962129846
8085,13,0.004988468962129846
529,13,0.004988468962129846
7698,13,0.004988468962129846
6580,13,0.004988468962129846
10622,13,0.004988468962129846
8673,13,0.004988468962129846
4845,13,0.004988468962129846
11223,13,0.004988468962129846
2984,13,0.004988468962129846
7670,13,0.004988468962129846
6493,13,0.004988468962129846
9036,13,0.004988468962129846
37,13,0.004988468962129846
883,13,0.004988468962129846
3220,13,0.004988468962129846
11303,13,0.004988468962129846
1984,13,0.004988468962129846
242,13,0.004988468962129846
9631,13,0.004988468962129846
9595,13,0.004988468962129846
2831,13,0.004988468962129846
4767,13,0.004988468962129846
12541,13,0.004988468962129846
4699,13,0.004988468962129846
4969,13,0.004988468962129846
5461,13,0.004988468962129846
3769,13,0.004988468962129846
7404,13,0.004988468962129846
3413,13,0.004988468962129846
12017,13,0.004988468962129846
11754,13,0.004988468962129846
2751,13,0.004988468962129846
4956,13,0.004988468962129846
12298,13,0.004988468962129846
7310,13,0.004988468962129846
5808,13,0.004988468962129846
7567,13,0.004988468962129846
7492,13,0.004988468962129846
2496,13,0.004988468962129846
4491,13,0.004988468962129846
6230,13,0.004988468962129846
523,13,0.004988468962129846
7585,13,0.004988468962129846
5900,13,0.004988468962129846
5007,13,0.004988468962129846
2728,13,0.004988468962129846
2851,13,0.004988468962129846
7470,13,0.004988468962129846
6361,13,0.004988468962129846
3592,13,0.004988468962129846
6494,13,0.004988468962129846
2505,13,0.004988468962129846
7745,13,0.004988468962129846
5031,13,0.004988468962129846
3459,13,0.004988468962129846
8228,13,0.004988468962129846
10857,13,0.004988468962129846
4612,13,0.004988468962129846
7140,13,0.004988468962129846
8594,13,0.004988468962129846
8695,13,0.004988468962129846
9564,13,0.004988468962129846
6448,13,0.004988468962129846
10161,13,0.004988468962129846
2127,13,0.004988468962129846
12182,13,0.004988468962129846
4988,13,0.004988468962129846
8722,13,0.004988468962129846
7284,13,0.004988468962129846
10412,13,0.004988468962129846
11344,13,0.004988468962129846
12148,13,0.004988468962129846
11294,13,0.004988468962129846
8079,13,0.004988468962129846
9047,13,0.004988468962129846
12500,13,0.004988468962129846
5260,13,0.004988468962129846
12070,13,0.004988468962129846
10965,13,0.004988468962129846
596,13,0.004988468962129846
5271,13,0.004988468962129846
5466,13,0.004988468962129846
5532,13,0.004988468962129846
6428,13,0.004988468962129846
9596,13,0.004988468962129846
12237,12,0.00460474058042755
9058,12,0.00460474058042755
3956,12,0.00460474058042755
6729,12,0.00460474058042755
4948,12,0.00460474058042755
6063,12,0.00460474058042755
3578,12,0.00460474058042755
4448,12,0.00460474058042755
5672,12,0.00460474058042755
1629,12,0.00460474058042755
3438,12,0.00460474058042755
10296,12,0.00460474058042755
7912,12,0.00460474058042755
5029,12,0.00460474058042755
9061,12,0.00460474058042755
5986,12,0.00460474058042755
7535,12,0.00460474058042755
8811,12,0.00460474058042755
9480,12,0.00460474058042755
8477,12,0.00460474058042755
12036,12,0.00460474058042755
7933,12,0.00460474058042755
12218,12,0.00460474058042755
12120,12,0.00460474058042755
9499,12,0.00460474058042755
1644,12,0.00460474058042755
2173,12,0.00460474058042755
644,12,0.00460474058042755
10930,12,0.00460474058042755
5975,12,0.00460474058042755
4472,12,0.00460474058042755
9134,12,0.00460474058042755
764,12,0.00460474058042755
5083,12,0.00460474058042755
1124,12,0.00460474058042755
3363,12,0.00460474058042755
11669,12,0.00460474058042755
6334,12,0.00460474058042755
11812,12,0.00460474058042755
12207,12,0.00460474058042755
1879,12,0.00460474058042755
2597,12,0.00460474058042755
10419,12,0.00460474058042755
2415,12,0.00460474058042755
8633,12,0.00460474058042755
7410,12,0.00460474058042755
10940,12,0.00460474058042755
4763,12,0.00460474058042755
10958,12,0.00460474058042755
848,12,0.00460474058042755
2995,12,0.00460474058042755
452,12,0.00460474058042755
10322,12,0.00460474058042755
4908,12,0.00460474058042755
12215,12,0.00460474058042755
10307,12,0.00460474058042755
5528,12,0.00460474058042755
12522,12,0.00460474058042755
6747,12,0.00460474058042755
7107,12,0.00460474058042755
9022,12,0.00460474058042755
11951,12,0.00460474058042755
6459,12,0.00460474058042755
1173,12,0.00460474058042755
6022,12,0.00460474058042755
6136,12,0.00460474058042755
6827,12,0.00460474058042755
8877,12,0.00460474058042755
10964,12,0.00460474058042755
5116,12,0.00460474058042755
4333,12,0.00460474058042755
8080,12,0.00460474058042755
4408,12,0.00460474058042755
5988,12,0.00460474058042755
3678,12,0.00460474058042755
5943,12,0.00460474058042755
3756,12,0.00460474058042755
935,12,0.00460474058042755
1194,12,0.00460474058042755
12004,12,0.00460474058042755
794,12,0.00460474058042755
8860,12,0.00460474058042755
6987,12,0.00460474058042755
2808,12,0.00460474058042755
9214,12,0.00460474058042755
229,12,0.00460474058042755
7643,12,0.00460474058042755
8463,12,0.00460474058042755
2508,12,0.00460474058042755
3441,12,0.00460474058042755
4599,12,0.00460474058042755
7493,12,0.00460474058042755
6634,12,0.00460474058042755
3537,12,0.00460474058042755
10954,12,0.00460474058042755
1952,12,0.00460474058042755
2377,12,0.00460474058042755
272,12,0.00460474058042755
2889,12,0.00460474058042755
2500,12,0.00460474058042755
4281,12,0.00460474058042755
6142,12,0.00460474058042755
3857,12,0.00460474058042755
259,12,0.00460474058042755
4804,12,0.00460474058042755
6375,12,0.00460474058042755
8349,12,0.00460474058042755
9533,12,0.00460474058042755
1590,12,0.00460474058042755
1518,12,0.00460474058042755
234,12,0.00460474058042755
12226,12,0.00460474058042755
9572,12,0.00460474058042755
7088,12,0.00460474058042755
7921,12,0.00460474058042755
2715,12,0.00460474058042755
12203,12,0.00460474058042755
12134,12,0.00460474058042755
6445,12,0.00460474058042755
1789,12,0.00460474058042755
11451,12,0.00460474058042755
4653,12,0.00460474058042755
4404,12,0.00460474058042755
1156,12,0.00460474058042755
8130,12,0.00460474058042755
12450,12,0.00460474058042755
9473,12,0.00460474058042755
6338,12,0.00460474058042755
9381,12,0.00460474058042755
8943,12,0.00460474058042755
385,12,0.00460474058042755
4569,12,0.00460474058042755
4942,12,0.00460474058042755
6223,12,0.00460474058042755
9571,12,0.00460474058042755
5305,12,0.00460474058042755
8015,12,0.00460474058042755
10259,12,0.00460474058042755
6454,12,0.00460474058042755
3132,12,0.00460474058042755
4056,12,0.00460474058042755
1985,12,0.00460474058042755
445,12,0.00460474058042755
11079,12,0.00460474058042755
11956,12,0.00460474058042755
5969,12,0.00460474058042755
3575,12,0.00460474058042755
1096,12,0.00460474058042755
7741,12,0.00460474058042755
5162,12,0.00460474058042755
3691,12,0.00460474058042755
563,12,0.00460474058042755
11577,12,0.00460474058042755
5120,12,0.00460474058042755
4211,12,0.00460474058042755
12503,12,0.00460474058042755
4697,12,0.00460474058042755
11588,12,0.00460474058042755
8955,12,0.00460474058042755
10176,12,0.00460474058042755
7666,12,0.00460474058042755
2773,12,0.00460474058042755
27,12,0.00460474058042755
1411,12,0.00460474058042755
481,12,0.00460474058042755
8326,12,0.00460474058042755
11894,12,0.00460474058042755
4414,12,0.00460474058042755
6962,12,0.00460474058042755
9074,12,0.00460474058042755
1902,12,0.00460474058042755
10493,12,0.00460474058042755
10984,12,0.00460474058042755
10779,12,0.00460474058042755
1358,12,0.00460474058042755
5194,12,0.00460474058042755
6829,12,0.00460474058042755
9490,12,0.00460474058042755
6680,12,0.00460474058042755
11536,12,0.00460474058042755
5189,12,0.00460474058042755
9922,12,0.00460474058042755
8416,12,0.00460474058042755
3860,12,0.00460474058042755
2841,12,0.00460474058042755
5448,12,0.00460474058042755
5327,12,0.00460474058042755
947,12,0.00460474058042755
4199,12,0.00460474058042755
6328,12,0.00460474058042755
11912,12,0.00460474058042755
383,12,0.00460474058042755
12535,12,0.00460474058042755
3880,12,0.00460474058042755
10192,12,0.00460474058042755
6539,12,0.00460474058042755
11067,12,0.00460474058042755
4558,12,0.00460474058042755
8396,12,0.00460474058042755
2572,12,0.00460474058042755
4330,12,0.00460474058042755
2938,12,0.00460474058042755
5179,12,0.00460474058042755
319,12,0.00460474058042755
9257,12,0.00460474058042755
10521,12,0.00460474058042755
2811,12,0.00460474058042755
10374,12,0.00460474058042755
4909,12,0.00460474058042755
12202,12,0.00460474058042755
1814,12,0.00460474058042755
11942,12,0.00460474058042755
1872,12,0.00460474058042755
3246,12,0.00460474058042755
8179,12,0.00460474058042755
3941,12,0.00460474058042755
1711,12,0.00460474058042755
9369,12,0.00460474058042755
10362,12,0.00460474058042755
3477,12,0.00460474058042755
9317,12,0.00460474058042755
3464,12,0.00460474058042755
2276,12,0.00460474058042755
4102,12,0.00460474058042755
5148,12,0.00460474058042755
6101,12,0.00460474058042755
3960,12,0.00460474058042755
5134,12,0.00460474058042755
12410,12,0.00460474058042755
11523,12,0.00460474058042755
6716,12,0.00460474058042755
809,12,0.00460474058042755
6532,12,0.00460474058042755
4677,12,0.00460474058042755
4545,12,0.00460474058042755
7391,12,0.00460474058042755
467,12,0.00460474058042755
1864,12,0.00460474058042755
1912,12,0.00460474058042755
10560,12,0.00460474058042755
565,12,0.00460474058042755
6912,12,0.00460474058042755
11834,12,0.00460474058042755
7541,12,0.00460474058042755
508,12,0.00460474058042755
9054,12,0.00460474058042755
10511,12,0.00460474058042755
1817,12,0.00460474058042755
7080,12,0.00460474058042755
9964,12,0.00460474058042755
11390,12,0.00460474058042755
1263,11,0.004221012198725255
8294,11,0.004221012198725255
6052,11,0.004221012198725255
6511,11,0.004221012198725255
5724,11,0.004221012198725255
3033,11,0.004221012198725255
2959,11,0.004221012198725255
9179,11,0.004221012198725255
9744,11,0.004221012198725255
10549,11,0.004221012198725255
6726,11,0.004221012198725255
10924,11,0.004221012198725255
1302,11,0.004221012198725255
905,11,0.004221012198725255
41,11,0.004221012198725255
10189,11,0.004221012198725255
2087,11,0.004221012198725255
1466,11,0.004221012198725255
7445,11,0.004221012198725255
10368,11,0.004221012198725255
3602,11,0.004221012198725255
3992,11,0.004221012198725255
1489,11,0.004221012198725255
3849,11,0.004221012198725255
10238,11,0.004221012198725255
10997,11,0.004221012198725255
2691,11,0.004221012198725255
1661,11,0.004221012198725255
6812,11,0.004221012198725255
2801,11,0.004221012198725255
7946,11,0.004221012198725255
9136,11,0.004221012198725255
1091,11,0.004221012198725255
5399,11,0.004221012198725255
8144,11,0.004221012198725255
4604,11,0.004221012198725255
5865,11,0.004221012198725255
579,11,0.004221012198725255
6292,11,0.004221012198725255
9746,11,0.004221012198725255
11962,11,0.004221012198725255
2178,11,0.004221012198725255
2223,11,0.004221012198725255
3290,11,0.004221012198725255
5279,11,0.004221012198725255
11345,11,0.004221012198725255
7817,11,0.004221012198725255
5942,11,0.004221012198725255
10732,11,0.004221012198725255
7364,11,0.004221012198725255
7984,11,0.004221012198725255
6503,11,0.004221012198725255
12228,11,0.004221012198725255
168,11,0.004221012198725255
766,11,0.004221012198725255
2742,11,0.004221012198725255
806,11,0.004221012198725255
8320,11,0.004221012198725255
12345,11,0.004221012198725255
4420,11,0.004221012198725255
3783,11,0.004221012198725255
663,11,0.004221012198725255
364,11,0.004221012198725255
7389,11,0.004221012198725255
336,11,0.004221012198725255
4401,11,0.004221012198725255
7153,11,0.004221012198725255
5104,11,0.004221012198725255
3119,11,0.004221012198725255
1495,11,0.004221012198725255
4083,11,0.004221012198725255
897,11,0.004221012198725255
7840,11,0.004221012198725255
2560,11,0.004221012198725255
7164,11,0.004221012198725255
2681,11,0.004221012198725255
4857,11,0.004221012198725255
5734,11,0.004221012198725255
11340,11,0.004221012198725255
464,11,0.004221012198725255
2925,11,0.004221012198725255
1140,11,0.004221012198725255
8845,11,0.004221012198725255
9877,11,0.004221012198725255
6237,11,0.004221012198725255
10008,11,0.004221012198725255
5572,11,0.004221012198725255
1615,11,0.004221012198725255
5230,11,0.004221012198725255
5718,11,0.004221012198725255
6131,11,0.004221012198725255
3501,11,0.004221012198725255
3313,11,0.004221012198725255
204,11,0.004221012198725255
2166,11,0.004221012198725255
4811,11,0.004221012198725255
4867,11,0.004221012198725255
6311,11,0.004221012198725255
270,11,0.004221012198725255
1198,11,0.004221012198725255
6510,11,0.004221012198725255
6182,11,0.004221012198725255
3263,11,0.004221012198725255
9043,11,0.004221012198725255
5374,11,0.004221012198725255
9315,11,0.004221012198725255
11334,11,0.004221012198725255
8168,11,0.004221012198725255
1932,11,0.004221012198725255
3641,11,0.004221012198725255
10703,11,0.004221012198725255
7225,11,0.004221012198725255
8198,11,0.004221012198725255
902,11,0.004221012198725255
759,11,0.004221012198725255
211,11,0.004221012198725255
3987,11,0.004221012198725255
2786,11,0.004221012198725255
3677,11,0.004221012198725255
1405,11,0.004221012198725255
1082,11,0.004221012198725255
10716,11,0.004221012198725255
10649,11,0.004221012198725255
11255,11,0.004221012198725255
4450,11,0.004221012198725255
12370,11,0.004221012198725255
8134,11,0.004221012198725255
6777,11,0.004221012198725255
1911,11,0.004221012198725255
8180,11,0.004221012198725255
4661,11,0.004221012198725255
2787,11,0.004221012198725255
10805,11,0.004221012198725255
1940,11,0.004221012198725255
11681,11,0.004221012198725255
1152,11,0.004221012198725255
2321,11,0.004221012198725255
1481,11,0.004221012198725255
9997,11,0.004221012198725255
6569,11,0.004221012198725255
3491,11,0.004221012198725255
9090,11,0.004221012198725255
6992,11,0.004221012198725255
4459,11,0.004221012198725255
7143,11,0.004221012198725255
322,11,0.004221012198725255
3811,11,0.004221012198725255
9304,11,0.004221012198725255
10265,11,0.004221012198725255
9117,11,0.004221012198725255
2312,11,0.004221012198725255
2474,11,0.004221012198725255
2045,11,0.004221012198725255
12290,11,0.004221012198725255
5527,11,0.004221012198725255
1651,11,0.004221012198725255
3791,11,0.004221012198725255
5044,11,0.004221012198725255
6896,11,0.004221012198725255
4518,11,0.004221012198725255
4866,11,0.004221012198725255
7166,11,0.004221012198725255
12449,11,0.004221012198725255
9594,11,0.004221012198725255
10410,11,0.004221012198725255
858,11,0.004221012198725255
7712,11,0.004221012198725255
2291,11,0.004221012198725255
6637,11,0.004221012198725255
4738,11,0.004221012198725255
5709,11,0.004221012198725255
451,11,0.004221012198725255
11756,11,0.004221012198725255
2329,11,0.004221012198725255
485,11,0.004221012198725255
3692,11,0.004221012198725255
7893,11,0.004221012198725255
3372,11,0.004221012198725255
11878,11,0.004221012198725255
2936,11,0.004221012198725255
5371,11,0.004221012198725255
12303,11,0.004221012198725255
11830,11,0.004221012198725255
8928,11,0.004221012198725255
1670,11,0.004221012198725255
8629,11,0.004221012198725255
11104,11,0.004221012198725255
1871,11,0.004221012198725255
9401,11,0.004221012198725255
8162,11,0.004221012198725255
5154,11,0.004221012198725255
753,11,0.004221012198725255
7317,11,0.004221012198725255
7924,11,0.004221012198725255
3940,11,0.004221012198725255
6307,11,0.004221012198725255
533,11,0.004221012198725255
12374,11,0.004221012198725255
12159,11,0.004221012198725255
10069,11,0.004221012198725255
8257,11,0.004221012198725255
1569,11,0.004221012198725255
11954,11,0.004221012198725255
6209,11,0.004221012198725255
11232,11,0.004221012198725255
9080,11,0.004221012198725255
2930,11,0.004221012198725255
2400,11,0.004221012198725255
11279,11,0.004221012198725255
7395,11,0.004221012198725255
4129,11,0.004221012198725255
11853,11,0.004221012198725255
12369,11,0.004221012198725255
9692,11,0.004221012198725255
2384,11,0.004221012198725255
10729,11,0.004221012198725255
10673,11,0.004221012198725255
4028,11,0.004221012198725255
5978,11,0.004221012198725255
2561,11,0.004221012198725255
3800,11,0.004221012198725255
11438,11,0.004221012198725255
936,11,0.004221012198725255
4445,11,0.004221012198725255
1894,11,0.004221012198725255
9298,11,0.004221012198725255
1513,11,0.004221012198725255
5756,11,0.004221012198725255
12230,11,0.004221012198725255
11474,11,0.004221012198725255
10787,11,0.004221012198725255
3045,11,0.004221012198725255
12141,11,0.004221012198725255
11573,11,0.004221012198725255
6036,11,0.004221012198725255
4851,11,0.004221012198725255
6736,11,0.004221012198725255
10789,11,0.004221012198725255
11838,11,0.004221012198725255
12173,11,0.004221012198725255
3573,11,0.004221012198725255
5009,11,0.004221012198725255
130,11,0.004221012198725255
11569,11,0.004221012198725255
6758,11,0.004221012198725255
4465,11,0.004221012198725255
5935,11,0.004221012198725255
9323,11,0.004221012198725255
4212,11,0.004221012198725255
8631,11,0.004221012198725255
2898,11,0.004221012198725255
1949,11,0.004221012198725255
4675,11,0.004221012198725255
9447,11,0.004221012198725255
9012,11,0.004221012198725255
11409,11,0.004221012198725255
4644,11,0.004221012198725255
4651,11,0.004221012198725255
7060,11,0.004221012198725255
2007,11,0.004221012198725255
7975,11,0.004221012198725255
10347,11,0.004221012198725255
9976,10,0.0038372838170229583
11040,10,0.0038372838170229583
9591,10,0.0038372838170229583
7546,10,0.0038372838170229583
6519,10,0.0038372838170229583
1701,10,0.0038372838170229583
9097,10,0.0038372838170229583
7803,10,0.0038372838170229583
12505,10,0.0038372838170229583
1271,10,0.0038372838170229583
9023,10,0.0038372838170229583
7993,10,0.0038372838170229583
2531,10,0.0038372838170229583
10552,10,0.0038372838170229583
2553,10,0.0038372838170229583
5601,10,0.0038372838170229583
3178,10,0.0038372838170229583
1886,10,0.0038372838170229583
9118,10,0.0038372838170229583
10845,10,0.0038372838170229583
11551,10,0.0038372838170229583
9236,10,0.0038372838170229583
8741,10,0.0038372838170229583
4905,10,0.0038372838170229583
4114,10,0.0038372838170229583
11441,10,0.0038372838170229583
8603,10,0.0038372838170229583
423,10,0.0038372838170229583
1163,10,0.0038372838170229583
534,10,0.0038372838170229583
6213,10,0.0038372838170229583
4517,10,0.0038372838170229583
6403,10,0.0038372838170229583
7517,10,0.0038372838170229583
9731,10,0.0038372838170229583
6841,10,0.0038372838170229583
5913,10,0.0038372838170229583
2673,10,0.0038372838170229583
3682,10,0.0038372838170229583
3949,10,0.0038372838170229583
2825,10,0.0038372838170229583
4509,10,0.0038372838170229583
181,10,0.0038372838170229583
6760,10,0.0038372838170229583
2432,10,0.0038372838170229583
8818,10,0.0038372838170229583
9089,10,0.0038372838170229583
11903,10,0.0038372838170229583
7861,10,0.0038372838170229583
7622,10,0.0038372838170229583
5093,10,0.0038372838170229583
12468,10,0.0038372838170229583
10018,10,0.0038372838170229583
1327,10,0.0038372838170229583
4781,10,0.0038372838170229583
4882,10,0.0038372838170229583
2211,10,0.0038372838170229583
2201,10,0.0038372838170229583
540,10,0.0038372838170229583
10195,10,0.0038372838170229583
11171,10,0.0038372838170229583
8985,10,0.0038372838170229583
6554,10,0.0038372838170229583
836,10,0.0038372838170229583
1002,10,0.0038372838170229583
1714,10,0.0038372838170229583
5654,10,0.0038372838170229583
200,10,0.0038372838170229583
4247,10,0.0038372838170229583
931,10,0.0038372838170229583
2229,10,0.0038372838170229583
401,10,0.0038372838170229583
199,10,0.0038372838170229583
2195,10,0.0038372838170229583
12071,10,0.0038372838170229583
2700,10,0.0038372838170229583
9321,10,0.0038372838170229583
8779,10,0.0038372838170229583
10536,10,0.0038372838170229583
2722,10,0.0038372838170229583
10496,10,0.0038372838170229583
457,10,0.0038372838170229583
124,10,0.0038372838170229583
12405,10,0.0038372838170229583
9151,10,0.0038372838170229583
2527,10,0.0038372838170229583
3496,10,0.0038372838170229583
5951,10,0.0038372838170229583
8413,10,0.0038372838170229583
10091,10,0.0038372838170229583
8414,10,0.0038372838170229583
1340,10,0.0038372838170229583
402,10,0.0038372838170229583
4170,10,0.0038372838170229583
7737,10,0.0038372838170229583
2236,10,0.0038372838170229583
909,10,0.0038372838170229583
7594,10,0.0038372838170229583
9542,10,0.0038372838170229583
10668,10,0.0038372838170229583
4732,10,0.0038372838170229583
6701,10,0.0038372838170229583
2368,10,0.0038372838170229583
9862,10,0.0038372838170229583
2251,10,0.0038372838170229583
398,10,0.0038372838170229583
9492,10,0.0038372838170229583
6451,10,0.0038372838170229583
53,10,0.0038372838170229583
3586,10,0.0038372838170229583
2021,10,0.0038372838170229583
1514,10,0.0038372838170229583
9212,10,0.0038372838170229583
9502,10,0.0038372838170229583
360,10,0.0038372838170229583
10663,10,0.0038372838170229583
10388,10,0.0038372838170229583
1853,10,0.0038372838170229583
1029,10,0.0038372838170229583
7342,10,0.0038372838170229583
4707,10,0.0038372838170229583
6159,10,0.0038372838170229583
8382,10,0.0038372838170229583
650,10,0.0038372838170229583
9334,10,0.0038372838170229583
7087,10,0.0038372838170229583
1959,10,0.0038372838170229583
12282,10,0.0038372838170229583
2906,10,0.0038372838170229583
7350,10,0.0038372838170229583
3500,10,0.0038372838170229583
7217,10,0.0038372838170229583
5092,10,0.0038372838170229583
3689,10,0.0038372838170229583
4217,10,0.0038372838170229583
3917,10,0.0038372838170229583
7170,10,0.0038372838170229583
4071,10,0.0038372838170229583
11351,10,0.0038372838170229583
8905,10,0.0038372838170229583
597,10,0.0038372838170229583
9435,10,0.0038372838170229583
28,10,0.0038372838170229583
2030,10,0.0038372838170229583
8343,10,0.0038372838170229583
118,10,0.0038372838170229583
11922,10,0.0038372838170229583
9271,10,0.0038372838170229583
789,10,0.0038372838170229583
2061,10,0.0038372838170229583
346,10,0.0038372838170229583
5330,10,0.0038372838170229583
3154,10,0.0038372838170229583
10894,10,0.0038372838170229583
12364,10,0.0038372838170229583
9305,10,0.0038372838170229583
6994,10,0.0038372838170229583
7598,10,0.0038372838170229583
7753,10,0.0038372838170229583
7314,10,0.0038372838170229583
2258,10,0.0038372838170229583
4040,10,0.0038372838170229583
8315,10,0.0038372838170229583
1988,10,0.0038372838170229583
5769,10,0.0038372838170229583
11886,10,0.0038372838170229583
2255,10,0.0038372838170229583
7480,10,0.0038372838170229583
11236,10,0.0038372838170229583
3348,10,0.0038372838170229583
4815,10,0.0038372838170229583
7815,10,0.0038372838170229583
3620,10,0.0038372838170229583
1571,10,0.0038372838170229583
2031,10,0.0038372838170229583
5705,10,0.0038372838170229583
6103,10,0.0038372838170229583
5910,10,0.0038372838170229583
4274,10,0.0038372838170229583
6174,10,0.0038372838170229583
11678,10,0.0038372838170229583
3153,10,0.0038372838170229583
10230,10,0.0038372838170229583
6593,10,0.0038372838170229583
1093,10,0.0038372838170229583
3445,10,0.0038372838170229583
5443,10,0.0038372838170229583
4361,10,0.0038372838170229583
1392,10,0.0038372838170229583
5740,10,0.0038372838170229583
9546,10,0.0038372838170229583
2856,10,0.0038372838170229583
6900,10,0.0038372838170229583
8219,10,0.0038372838170229583
6280,10,0.0038372838170229583
9621,10,0.0038372838170229583
2539,10,0.0038372838170229583
10166,10,0.0038372838170229583
10011,10,0.0038372838170229583
1129,10,0.0038372838170229583
9992,10,0.0038372838170229583
2668,10,0.0038372838170229583
5108,10,0.0038372838170229583
6137,10,0.0038372838170229583
2690,10,0.0038372838170229583
2085,10,0.0038372838170229583
1141,10,0.0038372838170229583
10514,10,0.0038372838170229583
12229,10,0.0038372838170229583
11742,10,0.0038372838170229583
6420,10,0.0038372838170229583
755,10,0.0038372838170229583
10285,10,0.0038372838170229583
1704,10,0.0038372838170229583
9587,10,0.0038372838170229583
5234,10,0.0038372838170229583
6797,10,0.0038372838170229583
6544,10,0.0038372838170229583
9957,10,0.0038372838170229583
4116,10,0.0038372838170229583
5586,10,0.0038372838170229583
10191,10,0.0038372838170229583
1736,10,0.0038372838170229583
8668,10,0.0038372838170229583
2493,10,0.0038372838170229583
4203,10,0.0038372838170229583
3390,10,0.0038372838170229583
4765,10,0.0038372838170229583
7935,10,0.0038372838170229583
8850,10,0.0038372838170229583
31,10,0.0038372838170229583
3415,10,0.0038372838170229583
3158,10,0.0038372838170229583
1975,10,0.0038372838170229583
4001,10,0.0038372838170229583
7447,10,0.0038372838170229583
4728,10,0.0038372838170229583
337,10,0.0038372838170229583
6205,10,0.0038372838170229583
8892,10,0.0038372838170229583
6433,10,0.0038372838170229583
10647,10,0.0038372838170229583
10054,10,0.0038372838170229583
1653,10,0.0038372838170229583
10545,10,0.0038372838170229583
10669,10,0.0038372838170229583
6225,10,0.0038372838170229583
574,10,0.0038372838170229583
2879,10,0.0038372838170229583
5897,10,0.0038372838170229583
2768,10,0.0038372838170229583
2802,10,0.0038372838170229583
9200,10,0.0038372838170229583
3899,10,0.0038372838170229583
6555,10,0.0038372838170229583
1593,10,0.0038372838170229583
1543,10,0.0038372838170229583
3825,10,0.0038372838170229583
11981,10,0.0038372838170229583
9832,10,0.0038372838170229583
10528,10,0.0038372838170229583
5656,10,0.0038372838170229583
455,10,0.0038372838170229583
1151,10,0.0038372838170229583
3468,10,0.0038372838170229583
11123,10,0.0038372838170229583
8429,10,0.0038372838170229583
9264,10,0.0038372838170229583
1580,10,0.0038372838170229583
7513,10,0.0038372838170229583
8846,10,0.0038372838170229583
1295,10,0.0038372838170229583
8433,10,0.0038372838170229583
5252,10,0.0038372838170229583
8775,10,0.0038372838170229583
4515,9,0.003453555435320663
7638,9,0.003453555435320663
10598,9,0.003453555435320663
10535,9,0.003453555435320663
8456,9,0.003453555435320663
3630,9,0.003453555435320663
2264,9,0.003453555435320663
4239,9,0.003453555435320663
3823,9,0.003453555435320663
8039,9,0.003453555435320663
10413,9,0.003453555435320663
8395,9,0.003453555435320663
1050,9,0.003453555435320663
1276,9,0.003453555435320663
2380,9,0.003453555435320663
8807,9,0.003453555435320663
9211,9,0.003453555435320663
9820,9,0.003453555435320663
11764,9,0.003453555435320663
2249,9,0.003453555435320663
12255,9,0.003453555435320663
1081,9,0.003453555435320663
9286,9,0.003453555435320663
7341,9,0.003453555435320663
10138,9,0.003453555435320663
6147,9,0.003453555435320663
6546,9,0.003453555435320663
1209,9,0.003453555435320663
123,9,0.003453555435320663
477,9,0.003453555435320663
10401,9,0.003453555435320663
6909,9,0.003453555435320663
6490,9,0.003453555435320663
11664,9,0.003453555435320663
7398,9,0.003453555435320663
10800,9,0.003453555435320663
9916,9,0.003453555435320663
8974,9,0.003453555435320663
7437,9,0.003453555435320663
7012,9,0.003453555435320663
388,9,0.003453555435320663
3339,9,0.003453555435320663
1146,9,0.003453555435320663
2397,9,0.003453555435320663
1042,9,0.003453555435320663
8581,9,0.003453555435320663
11200,9,0.003453555435320663
793,9,0.003453555435320663
12090,9,0.003453555435320663
3227,9,0.003453555435320663
5833,9,0.003453555435320663
539,9,0.003453555435320663
1240,9,0.003453555435320663
3056,9,0.003453555435320663
6372,9,0.003453555435320663
208,9,0.003453555435320663
5690,9,0.003453555435320663
6122,9,0.003453555435320663
6607,9,0.003453555435320663
4992,9,0.003453555435320663
7943,9,0.003453555435320663
10175,9,0.003453555435320663
10926,9,0.003453555435320663
4955,9,0.003453555435320663
5436,9,0.003453555435320663
10218,9,0.003453555435320663
3304,9,0.003453555435320663
4758,9,0.003453555435320663
1793,9,0.003453555435320663
6837,9,0.003453555435320663
6745,9,0.003453555435320663
10750,9,0.003453555435320663
7740,9,0.003453555435320663
10740,9,0.003453555435320663
3136,9,0.003453555435320663
6197,9,0.003453555435320663
8855,9,0.003453555435320663
10864,9,0.003453555435320663
8590,9,0.003453555435320663
11831,9,0.003453555435320663
7835,9,0.003453555435320663
923,9,0.003453555435320663
11695,9,0.003453555435320663
3964,9,0.003453555435320663
6203,9,0.003453555435320663
8370,9,0.003453555435320663
6922,9,0.003453555435320663
56,9,0.003453555435320663
2418,9,0.003453555435320663
8530,9,0.003453555435320663
2267,9,0.003453555435320663
5397,9,0.003453555435320663
10341,9,0.003453555435320663
3431,9,0.003453555435320663
4546,9,0.003453555435320663
4704,9,0.003453555435320663
12066,9,0.003453555435320663
2350,9,0.003453555435320663
469,9,0.003453555435320663
2793,9,0.003453555435320663
5003,9,0.003453555435320663
1480,9,0.003453555435320663
3984,9,0.003453555435320663
2244,9,0.003453555435320663
6763,9,0.003453555435320663
4601,9,0.003453555435320663
7312,9,0.003453555435320663
116,9,0.003453555435320663
635,9,0.003453555435320663
11784,9,0.003453555435320663
1804,9,0.003453555435320663
3,9,0.003453555435320663
6243,9,0.003453555435320663
12321,9,0.003453555435320663
3571,9,0.003453555435320663
39,9,0.003453555435320663
3705,9,0.003453555435320663
4499,9,0.003453555435320663
7432,9,0.003453555435320663
10843,9,0.003453555435320663
9108,9,0.003453555435320663
10423,9,0.003453555435320663
4380,9,0.003453555435320663
9578,9,0.003453555435320663
10150,9,0.003453555435320663
11023,9,0.003453555435320663
4816,9,0.003453555435320663
11222,9,0.003453555435320663
6514,9,0.003453555435320663
2514,9,0.003453555435320663
148,9,0.003453555435320663
10827,9,0.003453555435320663
5816,9,0.003453555435320663
6808,9,0.003453555435320663
8374,9,0.003453555435320663
2874,9,0.003453555435320663
1738,9,0.003453555435320663
7996,9,0.003453555435320663
1551,9,0.003453555435320663
3166,9,0.003453555435320663
2435,9,0.003453555435320663
6471,9,0.003453555435320663
9979,9,0.003453555435320663
1486,9,0.003453555435320663
7196,9,0.003453555435320663
8782,9,0.003453555435320663
6417,9,0.003453555435320663
2958,9,0.003453555435320663
10289,9,0.003453555435320663
3673,9,0.003453555435320663
75,9,0.003453555435320663
6322,9,0.003453555435320663
1674,9,0.003453555435320663
9837,9,0.003453555435320663
749,9,0.003453555435320663
12483,9,0.003453555435320663
7600,9,0.003453555435320663
11581,9,0.003453555435320663
84,9,0.003453555435320663
8421,9,0.003453555435320663
3242,9,0.003453555435320663
7657,9,0.003453555435320663
5033,9,0.003453555435320663
1018,9,0.003453555435320663
8977,9,0.003453555435320663
4764,9,0.003453555435320663
10207,9,0.003453555435320663
11101,9,0.003453555435320663
5809,9,0.003453555435320663
12332,9,0.003453555435320663
2672,9,0.003453555435320663
3589,9,0.003453555435320663
421,9,0.003453555435320663
9064,9,0.003453555435320663
5017,9,0.003453555435320663
6892,9,0.003453555435320663
1257,9,0.003453555435320663
6938,9,0.003453555435320663
3174,9,0.003453555435320663
11464,9,0.003453555435320663
9726,9,0.003453555435320663
2205,9,0.003453555435320663
1310,9,0.003453555435320663
11228,9,0.003453555435320663
10680,9,0.003453555435320663
11737,9,0.003453555435320663
10817,9,0.003453555435320663
3759,9,0.003453555435320663
8121,9,0.003453555435320663
5269,9,0.003453555435320663
1890,9,0.003453555435320663
9514,9,0.003453555435320663
4650,9,0.003453555435320663
7683,9,0.003453555435320663
4580,9,0.003453555435320663
6094,9,0.003453555435320663
4486,9,0.003453555435320663
1022,9,0.003453555435320663
5688,9,0.003453555435320663
8832,9,0.003453555435320663
4617,9,0.003453555435320663
2151,9,0.003453555435320663
10119,9,0.003453555435320663
487,9,0.003453555435320663
2971,9,0.003453555435320663
9045,9,0.003453555435320663
7973,9,0.003453555435320663
8247,9,0.003453555435320663
1581,9,0.003453555435320663
11342,9,0.003453555435320663
6025,9,0.003453555435320663
9867,9,0.003453555435320663
6291,9,0.003453555435320663
4647,9,0.003453555435320663
138,9,0.003453555435320663
7848,9,0.003453555435320663
6903,9,0.003453555435320663
365,9,0.003453555435320663
5794,9,0.003453555435320663
9949,9,0.003453555435320663
9338,9,0.003453555435320663
351,9,0.003453555435320663
3307,9,0.003453555435320663
8927,9,0.003453555435320663
10713,9,0.003453555435320663
8331,9,0.003453555435320663
1315,9,0.003453555435320663
4572,9,0.003453555435320663
5996,9,0.003453555435320663
11014,9,0.003453555435320663
10261,9,0.003453555435320663
3882,9,0.003453555435320663
6273,9,0.003453555435320663
9640,9,0.003453555435320663
216,9,0.003453555435320663
8298,9,0.003453555435320663
1491,9,0.003453555435320663
9154,9,0.003453555435320663
1187,9,0.003453555435320663
680,9,0.003453555435320663
1705,9,0.003453555435320663
645,9,0.003453555435320663
19,9,0.003453555435320663
8131,9,0.003453555435320663
4748,9,0.003453555435320663
5439,9,0.003453555435320663
9556,9,0.003453555435320663
8132,9,0.003453555435320663
4009,9,0.003453555435320663
9805,9,0.003453555435320663
370,9,0.003453555435320663
5184,9,0.003453555435320663
5729,9,0.003453555435320663
2941,9,0.003453555435320663
410,9,0.003453555435320663
1668,9,0.003453555435320663
6173,9,0.003453555435320663
9187,9,0.003453555435320663
2979,9,0.003453555435320663
11252,9,0.003453555435320663
10217,9,0.003453555435320663
9026,9,0.003453555435320663
8189,9,0.003453555435320663
3016,9,0.003453555435320663
928,9,0.003453555435320663
12105,9,0.003453555435320663
11937,9,0.003453555435320663
4615,9,0.003453555435320663
12106,9,0.003453555435320663
1970,9,0.003453555435320663
4251,9,0.003453555435320663
4342,9,0.003453555435320663
7717,9,0.003453555435320663
5320,9,0.003453555435320663
11165,9,0.003453555435320663
6947,9,0.003453555435320663
8293,9,0.003453555435320663
12178,9,0.003453555435320663
8434,9,0.003453555435320663
11517,9,0.003453555435320663
11381,9,0.003453555435320663
7297,9,0.003453555435320663
4864,9,0.003453555435320663
3519,9,0.003453555435320663
2792,9,0.003453555435320663
7563,9,0.003453555435320663
10777,9,0.003453555435320663
2282,9,0.003453555435320663
3349,9,0.003453555435320663
5483,9,0.003453555435320663
9038,9,0.003453555435320663
1972,9,0.003453555435320663
3248,9,0.003453555435320663
8369,9,0.003453555435320663
1410,9,0.003453555435320663
3065,9,0.003453555435320663
2271,9,0.003453555435320663
2412,9,0.003453555435320663
6144,9,0.003453555435320663
7396,9,0.003453555435320663
9421,9,0.003453555435320663
2662,9,0.003453555435320663
11987,9,0.003453555435320663
9754,9,0.003453555435320663
6974,9,0.003453555435320663
2099,9,0.003453555435320663
4694,9,0.003453555435320663
4643,9,0.003453555435320663
1928,8,0.003069827053618367
4995,8,0.003069827053618367
8412,8,0.003069827053618367
5717,8,0.003069827053618367
10170,8,0.003069827053618367
2086,8,0.003069827053618367
9742,8,0.003069827053618367
6668,8,0.003069827053618367
12270,8,0.003069827053618367
4290,8,0.003069827053618367
9804,8,0.003069827053618367
172,8,0.003069827053618367
12489,8,0.003069827053618367
4528,8,0.003069827053618367
1223,8,0.003069827053618367
1710,8,0.003069827053618367
2103,8,0.003069827053618367
4687,8,0.003069827053618367
4774,8,0.003069827053618367
5482,8,0.003069827053618367
11601,8,0.003069827053618367
5433,8,0.003069827053618367
11394,8,0.003069827053618367
71,8,0.003069827053618367
6189,8,0.003069827053618367
3000,8,0.003069827053618367
7744,8,0.003069827053618367
9486,8,0.003069827053618367
6996,8,0.003069827053618367
11229,8,0.003069827053618367
8274,8,0.003069827053618367
7173,8,0.003069827053618367
9197,8,0.003069827053618367
11978,8,0.003069827053618367
4766,8,0.003069827053618367
4880,8,0.003069827053618367
2618,8,0.003069827053618367
6773,8,0.003069827053618367
1060,8,0.003069827053618367
132,8,0.003069827053618367
8061,8,0.003069827053618367
3211,8,0.003069827053618367
9205,8,0.003069827053618367
4791,8,0.003069827053618367
681,8,0.003069827053618367
3239,8,0.003069827053618367
9600,8,0.003069827053618367
1447,8,0.003069827053618367
4919,8,0.003069827053618367
1630,8,0.003069827053618367
2772,8,0.003069827053618367
8833,8,0.003069827053618367
12003,8,0.003069827053618367
9991,8,0.003069827053618367
691,8,0.003069827053618367
4050,8,0.003069827053618367
9807,8,0.003069827053618367
12471,8,0.003069827053618367
4392,8,0.003069827053618367
11623,8,0.003069827053618367
9748,8,0.003069827053618367
1021,8,0.003069827053618367
8538,8,0.003069827053618367
3311,8,0.003069827053618367
6062,8,0.003069827053618367
1360,8,0.003069827053618367
7589,8,0.003069827053618367
12333,8,0.003069827053618367
2616,8,0.003069827053618367
5574,8,0.003069827053618367
6051,8,0.003069827053618367
9955,8,0.003069827053618367
3946,8,0.003069827053618367
6061,8,0.003069827053618367
10885,8,0.003069827053618367
2200,8,0.003069827053618367
2900,8,0.003069827053618367
5754,8,0.003069827053618367
1147,8,0.003069827053618367
9427,8,0.003069827053618367
7298,8,0.003069827053618367
5429,8,0.003069827053618367
7977,8,0.003069827053618367
8278,8,0.003069827053618367
4826,8,0.003069827053618367
4151,8,0.003069827053618367
6458,8,0.003069827053618367
3659,8,0.003069827053618367
4313,8,0.003069827053618367
8699,8,0.003069827053618367
4446,8,0.003069827053618367
5198,8,0.003069827053618367
6000,8,0.003069827053618367
7611,8,0.003069827053618367
10665,8,0.003069827053618367
7864,8,0.003069827053618367
7529,8,0.003069827053618367
11387,8,0.003069827053618367
3598,8,0.003069827053618367
6301,8,0.003069827053618367
9983,8,0.003069827053618367
2250,8,0.003069827053618367
8083,8,0.003069827053618367
4395,8,0.003069827053618367
2038,8,0.003069827053618367
2864,8,0.003069827053618367
10268,8,0.003069827053618367
2654,8,0.003069827053618367
6843,8,0.003069827053618367
5811,8,0.003069827053618367
6705,8,0.003069827053618367
3046,8,0.003069827053618367
11521,8,0.003069827053618367
11205,8,0.003069827053618367
12279,8,0.003069827053618367
618,8,0.003069827053618367
1220,8,0.003069827053618367
11854,8,0.003069827053618367
9371,8,0.003069827053618367
9465,8,0.003069827053618367
6279,8,0.003069827053618367
1261,8,0.003069827053618367
1565,8,0.003069827053618367
2274,8,0.003069827053618367
1616,8,0.003069827053618367
1880,8,0.003069827053618367
6557,8,0.003069827053618367
8634,8,0.003069827053618367
5643,8,0.003069827053618367
6927,8,0.003069827053618367
11604,8,0.003069827053618367
2747,8,0.003069827053618367
8202,8,0.003069827053618367
658,8,0.003069827053618367
12451,8,0.003069827053618367
12311,8,0.003069827053618367
5646,8,0.003069827053618367
2284,8,0.003069827053618367
4560,8,0.003069827053618367
10626,8,0.003069827053618367
6220,8,0.003069827053618367
6010,8,0.003069827053618367
9346,8,0.003069827053618367
11084,8,0.003069827053618367
2498,8,0.003069827053618367
7174,8,0.003069827053618367
3317,8,0.003069827053618367
2163,8,0.003069827053618367
10012,8,0.003069827053618367
4184,8,0.003069827053618367
9262,8,0.003069827053618367
8994,8,0.003069827053618367
7382,8,0.003069827053618367
10955,8,0.003069827053618367
9203,8,0.003069827053618367
4595,8,0.003069827053618367
4364,8,0.003069827053618367
1329,8,0.003069827053618367
4846,8,0.003069827053618367
5602,8,0.003069827053618367
8588,8,0.003069827053618367
5700,8,0.003069827053618367
3252,8,0.003069827053618367
7049,8,0.003069827053618367
1318,8,0.003069827053618367
12280,8,0.003069827053618367
11397,8,0.003069827053618367
10335,8,0.003069827053618367
7748,8,0.003069827053618367
6932,8,0.003069827053618367
3066,8,0.003069827053618367
7354,8,0.003069827053618367
10921,8,0.003069827053618367
3503,8,0.003069827053618367
5006,8,0.003069827053618367
10980,8,0.003069827053618367
4362,8,0.003069827053618367
10292,8,0.003069827053618367
3421,8,0.003069827053618367
5635,8,0.003069827053618367
3420,8,0.003069827053618367
4310,8,0.003069827053618367
11528,8,0.003069827053618367
11103,8,0.003069827053618367
5857,8,0.003069827053618367
8375,8,0.003069827053618367
5078,8,0.003069827053618367
10063,8,0.003069827053618367
6752,8,0.003069827053618367
6941,8,0.003069827053618367
3021,8,0.003069827053618367
4636,8,0.003069827053618367
9290,8,0.003069827053618367
2046,8,0.003069827053618367
4084,8,0.003069827053618367
6226,8,0.003069827053618367
10961,8,0.003069827053618367
1885,8,0.003069827053618367
12542,8,0.003069827053618367
10250,8,0.003069827053618367
1233,8,0.003069827053618367
7816,8,0.003069827053618367
7846,8,0.003069827053618367
3386,8,0.003069827053618367
4538,8,0.003069827053618367
4093,8,0.003069827053618367
8409,8,0.003069827053618367
5143,8,0.003069827053618367
5699,8,0.003069827053618367
11996,8,0.003069827053618367
971,8,0.003069827053618367
6343,8,0.003069827053618367
10102,8,0.003069827053618367
9437,8,0.003069827053618367
2254,8,0.003069827053618367
11950,8,0.003069827053618367
9005,8,0.003069827053618367
531,8,0.003069827053618367
4778,8,0.003069827053618367
10782,8,0.003069827053618367
3070,8,0.003069827053618367
863,8,0.003069827053618367
983,8,0.003069827053618367
2150,8,0.003069827053618367
11477,8,0.003069827053618367
11069,8,0.003069827053618367
4848,8,0.003069827053618367
4998,8,0.003069827053618367
9718,8,0.003069827053618367
6186,8,0.003069827053618367
4981,8,0.003069827053618367
1859,8,0.003069827053618367
7508,8,0.003069827053618367
6881,8,0.003069827053618367
2375,8,0.003069827053618367
10912,8,0.003069827053618367
710,8,0.003069827053618367
10828,8,0.003069827053618367
9314,8,0.003069827053618367
3057,8,0.003069827053618367
9417,8,0.003069827053618367
9681,8,0.003069827053618367
2983,8,0.003069827053618367
11499,8,0.003069827053618367
3712,8,0.003069827053618367
12435,8,0.003069827053618367
9953,8,0.003069827053618367
4585,8,0.003069827053618367
6919,8,0.003069827053618367
10048,8,0.003069827053618367
5620,8,0.003069827053618367
5174,8,0.003069827053618367
10637,8,0.003069827053618367
11663,8,0.003069827053618367
11658,8,0.003069827053618367
8965,8,0.003069827053618367
8959,8,0.003069827053618367
10595,8,0.003069827053618367
7031,8,0.003069827053618367
5675,8,0.003069827053618367
7518,8,0.003069827053618367
9161,8,0.003069827053618367
2112,8,0.003069827053618367
7436,8,0.003069827053618367
1139,8,0.003069827053618367
7400,8,0.003069827053618367
1779,8,0.003069827053618367
5263,8,0.003069827053618367
761,8,0.003069827053618367
7721,8,0.003069827053618367
956,8,0.003069827053618367
970,8,0.003069827053618367
6260,8,0.003069827053618367
7139,8,0.003069827053618367
3001,8,0.003069827053618367
12538,8,0.003069827053618367
2237,8,0.003069827053618367
7214,8,0.003069827053618367
933,8,0.003069827053618367
1951,8,0.003069827053618367
3196,8,0.003069827053618367
3478,8,0.003069827053618367
2656,8,0.003069827053618367
3109,8,0.003069827053618367
10950,8,0.003069827053618367
10564,8,0.003069827053618367
1957,8,0.003069827053618367
4729,8,0.003069827053618367
1800,8,0.003069827053618367
10692,8,0.003069827053618367
7534,8,0.003069827053618367
9374,8,0.003069827053618367
1572,8,0.003069827053618367
5169,8,0.003069827053618367
10229,8,0.003069827053618367
12496,8,0.003069827053618367
7345,8,0.003069827053618367
9795,8,0.003069827053618367
6406,8,0.003069827053618367
1045,8,0.003069827053618367
11984,8,0.003069827053618367
10101,8,0.003069827053618367
2626,8,0.003069827053618367
6970,8,0.003069827053618367
8659,8,0.003069827053618367
2207,8,0.003069827053618367
4449,8,0.003069827053618367
5609,8,0.003069827053618367
12324,8,0.003069827053618367
285,8,0.003069827053618367
10355,8,0.003069827053618367
585,8,0.003069827053618367
11186,8,0.003069827053618367
6028,8,0.003069827053618367
1605,8,0.003069827053618367
7184,8,0.003069827053618367
4698,8,0.003069827053618367
3681,8,0.003069827053618367
4228,8,0.003069827053618367
6359,8,0.003069827053618367
3642,8,0.003069827053618367
990,8,0.003069827053618367
1473,8,0.003069827053618367
2172,8,0.003069827053618367
8630,8,0.003069827053618367
7850,8,0.003069827053618367
368,8,0.003069827053618367
9513,8,0.003069827053618367
11199,8,0.003069827053618367
6112,8,0.003069827053618367
4670,8,0.003069827053618367
8007,8,0.003069827053618367
9099,8,0.003069827053618367
8523,8,0.003069827053618367
1344,8,0.003069827053618367
8669,8,0.003069827053618367
3520,8,0.003069827053618367
10623,8,0.003069827053618367
8849,7,0.002686098671916071
7982,7,0.002686098671916071
4432,7,0.002686098671916071
4075,7,0.002686098671916071
7652,7,0.002686098671916071
9349,7,0.002686098671916071
7018,7,0.002686098671916071
6982,7,0.002686098671916071
2444,7,0.002686098671916071
8455,7,0.002686098671916071
12167,7,0.002686098671916071
8064,7,0.002686098671916071
7421,7,0.002686098671916071
3118,7,0.002686098671916071
8883,7,0.002686098671916071
4311,7,0.002686098671916071
10115,7,0.002686098671916071
8760,7,0.002686098671916071
8376,7,0.002686098671916071
12107,7,0.002686098671916071
9389,7,0.002686098671916071
11238,7,0.002686098671916071
2275,7,0.002686098671916071
5147,7,0.002686098671916071
5251,7,0.002686098671916071
2062,7,0.002686098671916071
1264,7,0.002686098671916071
5232,7,0.002686098671916071
144,7,0.002686098671916071
8386,7,0.002686098671916071
4783,7,0.002686098671916071
4131,7,0.002686098671916071
11211,7,0.002686098671916071
8856,7,0.002686098671916071
3202,7,0.002686098671916071
4548,7,0.002686098671916071
996,7,0.002686098671916071
9898,7,0.002686098671916071
1509,7,0.002686098671916071
3077,7,0.002686098671916071
1476,7,0.002686098671916071
4746,7,0.002686098671916071
57,7,0.002686098671916071
7478,7,0.002686098671916071
12163,7,0.002686098671916071
9478,7,0.002686098671916071
9597,7,0.002686098671916071
576,7,0.002686098671916071
7965,7,0.002686098671916071
8485,7,0.002686098671916071
3864,7,0.002686098671916071
961,7,0.002686098671916071
11567,7,0.002686098671916071
11001,7,0.002686098671916071
6240,7,0.002686098671916071
3939,7,0.002686098671916071
12220,7,0.002686098671916071
11512,7,0.002686098671916071
6711,7,0.002686098671916071
3515,7,0.002686098671916071
11293,7,0.002686098671916071
629,7,0.002686098671916071
2615,7,0.002686098671916071
121,7,0.002686098671916071
5972,7,0.002686098671916071
8089,7,0.002686098671916071
2446,7,0.002686098671916071
6862,7,0.002686098671916071
8696,7,0.002686098671916071
4198,7,0.002686098671916071
3243,7,0.002686098671916071
1936,7,0.002686098671916071
11712,7,0.002686098671916071
11235,7,0.002686098671916071
2323,7,0.002686098671916071
3004,7,0.002686098671916071
3192,7,0.002686098671916071
1073,7,0.002686098671916071
3458,7,0.002686098671916071
12512,7,0.002686098671916071
4479,7,0.002686098671916071
9296,7,0.002686098671916071
8384,7,0.002686098671916071
6392,7,0.002686098671916071
3410,7,0.002686098671916071
4117,7,0.002686098671916071
2098,7,0.002686098671916071
4176,7,0.002686098671916071
7216,7,0.002686098671916071
12371,7,0.002686098671916071
4588,7,0.002686098671916071
3908,7,0.002686098671916071
10316,7,0.002686098671916071
7211,7,0.002686098671916071
5502,7,0.002686098671916071
1573,7,0.002686098671916071
9102,7,0.002686098671916071
4398,7,0.002686098671916071
9467,7,0.002686098671916071
12493,7,0.002686098671916071
11026,7,0.002686098671916071
10093,7,0.002686098671916071
2346,7,0.002686098671916071
4920,7,0.002686098671916071
2507,7,0.002686098671916071
2525,7,0.002686098671916071
7911,7,0.002686098671916071
8038,7,0.002686098671916071
9319,7,0.002686098671916071
4016,7,0.002686098671916071
9284,7,0.002686098671916071
4991,7,0.002686098671916071
6918,7,0.002686098671916071
5838,7,0.002686098671916071
9039,7,0.002686098671916071
10441,7,0.002686098671916071
8430,7,0.002686098671916071
4987,7,0.002686098671916071
6980,7,0.002686098671916071
10604,7,0.002686098671916071
10109,7,0.002686098671916071
8004,7,0.002686098671916071
5295,7,0.002686098671916071
9443,7,0.002686098671916071
100,7,0.002686098671916071
11622,7,0.002686098671916071
10204,7,0.002686098671916071
3973,7,0.002686098671916071
5417,7,0.002686098671916071
6187,7,0.002686098671916071
4088,7,0.002686098671916071
7482,7,0.002686098671916071
9929,7,0.002686098671916071
780,7,0.002686098671916071
7769,7,0.002686098671916071
7110,7,0.002686098671916071
5015,7,0.002686098671916071
8166,7,0.002686098671916071
1415,7,0.002686098671916071
5375,7,0.002686098671916071
4642,7,0.002686098671916071
221,7,0.002686098671916071
3147,7,0.002686098671916071
11445,7,0.002686098671916071
5512,7,0.002686098671916071
5202,7,0.002686098671916071
5806,7,0.002686098671916071
315,7,0.002686098671916071
5111,7,0.002686098671916071
1289,7,0.002686098671916071
11632,7,0.002686098671916071
1650,7,0.002686098671916071
6971,7,0.002686098671916071
3805,7,0.002686098671916071
4285,7,0.002686098671916071
8422,7,0.002686098671916071
9830,7,0.002686098671916071
3558,7,0.002686098671916071
9764,7,0.002686098671916071
3704,7,0.002686098671916071
1559,7,0.002686098671916071
11257,7,0.002686098671916071
2118,7,0.002686098671916071
1878,7,0.002686098671916071
8572,7,0.002686098671916071
11359,7,0.002686098671916071
5393,7,0.002686098671916071
1828,7,0.002686098671916071
12177,7,0.002686098671916071
3179,7,0.002686098671916071
11864,7,0.002686098671916071
11602,7,0.002686098671916071
2604,7,0.002686098671916071
5696,7,0.002686098671916071
5444,7,0.002686098671916071
6185,7,0.002686098671916071
1228,7,0.002686098671916071
8188,7,0.002686098671916071
1133,7,0.002686098671916071
8926,7,0.002686098671916071
9651,7,0.002686098671916071
5188,7,0.002686098671916071
10520,7,0.002686098671916071
4366,7,0.002686098671916071
6929,7,0.002686098671916071
10472,7,0.002686098671916071
6081,7,0.002686098671916071
5515,7,0.002686098671916071
9761,7,0.002686098671916071
177,7,0.002686098671916071
5228,7,0.002686098671916071
1579,7,0.002686098671916071
4797,7,0.002686098671916071
2838,7,0.002686098671916071
7540,7,0.002686098671916071
4897,7,0.002686098671916071
10339,7,0.002686098671916071
8272,7,0.002686098671916071
12418,7,0.002686098671916071
5381,7,0.002686098671916071
6522,7,0.002686098671916071
3734,7,0.002686098671916071
3440,7,0.002686098671916071
1116,7,0.002686098671916071
11074,7,0.002686098671916071
10661,7,0.002686098671916071
5200,7,0.002686098671916071
1748,7,0.002686098671916071
5685,7,0.002686098671916071
7235,7,0.002686098671916071
12441,7,0.002686098671916071
11874,7,0.002686098671916071
6586,7,0.002686098671916071
5928,7,0.002686098671916071
1697,7,0.002686098671916071
3488,7,0.002686098671916071
8442,7,0.002686098671916071
7885,7,0.002686098671916071
7953,7,0.002686098671916071
5580,7,0.002686098671916071
11003,7,0.002686098671916071
1380,7,0.002686098671916071
7812,7,0.002686098671916071
8582,7,0.002686098671916071
6512,7,0.002686098671916071
3859,7,0.002686098671916071
8062,7,0.002686098671916071
5594,7,0.002686098671916071
7716,7,0.002686098671916071
7258,7,0.002686098671916071
8269,7,0.002686098671916071
10705,7,0.002686098671916071
468,7,0.002686098671916071
3549,7,0.002686098671916071
12164,7,0.002686098671916071
10082,7,0.002686098671916071
7509,7,0.002686098671916071
8976,7,0.002686098671916071
11627,7,0.002686098671916071
5125,7,0.002686098671916071
5002,7,0.002686098671916071
1840,7,0.002686098671916071
8022,7,0.002686098671916071
8815,7,0.002686098671916071
8417,7,0.002686098671916071
3663,7,0.002686098671916071
3920,7,0.002686098671916071
4297,7,0.002686098671916071
4248,7,0.002686098671916071
6529,7,0.002686098671916071
70,7,0.002686098671916071
278,7,0.002686098671916071
8602,7,0.002686098671916071
11800,7,0.002686098671916071
6389,7,0.002686098671916071
7370,7,0.002686098671916071
6979,7,0.002686098671916071
5226,7,0.002686098671916071
7320,7,0.002686098671916071
6085,7,0.002686098671916071
10877,7,0.002686098671916071
10452,7,0.002686098671916071
7288,7,0.002686098671916071
8983,7,0.002686098671916071
7338,7,0.002686098671916071
12032,7,0.002686098671916071
2119,7,0.002686098671916071
2234,7,0.002686098671916071
5869,7,0.002686098671916071
11593,7,0.002686098671916071
10141,7,0.002686098671916071
12146,7,0.002686098671916071
11154,7,0.002686098671916071
1568,7,0.002686098671916071
5129,7,0.002686098671916071
4012,7,0.002686098671916071
8777,7,0.002686098671916071
4877,7,0.002686098671916071
6329,7,0.002686098671916071
10310,7,0.002686098671916071
6087,7,0.002686098671916071
10697,7,0.002686098671916071
8652,7,0.002686098671916071
8515,7,0.002686098671916071
1528,7,0.002686098671916071
2159,7,0.002686098671916071
12464,7,0.002686098671916071
12565,7,0.002686098671916071
5346,7,0.002686098671916071
3181,7,0.002686098671916071
11147,7,0.002686098671916071
6986,7,0.002686098671916071
7533,7,0.002686098671916071
8951,7,0.002686098671916071
1286,7,0.002686098671916071
9359,7,0.002686098671916071
4100,7,0.002686098671916071
4658,7,0.002686098671916071
10096,7,0.002686098671916071
12529,7,0.002686098671916071
7485,7,0.002686098671916071
9915,7,0.002686098671916071
12253,7,0.002686098671916071
9403,7,0.002686098671916071
9602,7,0.002686098671916071
10942,7,0.002686098671916071
10263,7,0.002686098671916071
8687,7,0.002686098671916071
2196,7,0.002686098671916071
4077,7,0.002686098671916071
4752,7,0.002686098671916071
6545,7,0.002686098671916071
4126,7,0.002686098671916071
4958,7,0.002686098671916071
381,7,0.002686098671916071
5075,7,0.002686098671916071
3926,7,0.002686098671916071
8265,7,0.002686098671916071
10721,7,0.002686098671916071
7116,7,0.002686098671916071
11660,7,0.002686098671916071
6005,7,0.002686098671916071
5984,7,0.002686098671916071
4351,6,0.002302370290213775
51,6,0.002302370290213775
2806,6,0.002302370290213775
6055,6,0.002302370290213775
5082,6,0.002302370290213775
7826,6,0.002302370290213775
4442,6,0.002302370290213775
5494,6,0.002302370290213775
4480,6,0.002302370290213775
12465,6,0.002302370290213775
1910,6,0.002302370290213775
5673,6,0.002302370290213775
5335,6,0.002302370290213775
147,6,0.002302370290213775
11129,6,0.002302370290213775
1219,6,0.002302370290213775
6227,6,0.002302370290213775
6684,6,0.002302370290213775
5246,6,0.002302370290213775
3494,6,0.002302370290213775
8612,6,0.002302370290213775
8672,6,0.002302370290213775
251,6,0.002302370290213775
610,6,0.002302370290213775
330,6,0.002302370290213775
7212,6,0.002302370290213775
11017,6,0.002302370290213775
12463,6,0.002302370290213775
3336,6,0.002302370290213775
7106,6,0.002302370290213775
11115,6,0.002302370290213775
4338,6,0.002302370290213775
9057,6,0.002302370290213775
5966,6,0.002302370290213775
2988,6,0.002302370290213775
5725,6,0.002302370290213775
4443,6,0.002302370290213775
2928,6,0.002302370290213775
6104,6,0.002302370290213775
9706,6,0.002302370290213775
7775,6,0.002302370290213775
11513,6,0.002302370290213775
9682,6,0.002302370290213775
10387,6,0.002302370290213775
10299,6,0.002302370290213775
6959,6,0.002302370290213775
9075,6,0.002302370290213775
9750,6,0.002302370290213775
9459,6,0.002302370290213775
3224,6,0.002302370290213775
556,6,0.002302370290213775
2404,6,0.002302370290213775
10927,6,0.002302370290213775
11274,6,0.002302370290213775
7144,6,0.002302370290213775
8945,6,0.002302370290213775
1306,6,0.002302370290213775
7318,6,0.002302370290213775
10354,6,0.002302370290213775
6443,6,0.002302370290213775
1854,6,0.002302370290213775
2661,6,0.002302370290213775
1097,6,0.002302370290213775
10883,6,0.002302370290213775
1105,6,0.002302370290213775
7415,6,0.002302370290213775
11957,6,0.002302370290213775
12498,6,0.002302370290213775
7807,6,0.002302370290213775
5933,6,0.002302370290213775
8723,6,0.002302370290213775
5089,6,0.002302370290213775
9573,6,0.002302370290213775
11508,6,0.002302370290213775
5792,6,0.002302370290213775
774,6,0.002302370290213775
12288,6,0.002302370290213775
6738,6,0.002302370290213775
9638,6,0.002302370290213775
2297,6,0.002302370290213775
3911,6,0.002302370290213775
10806,6,0.002302370290213775
5408,6,0.002302370290213775
8503,6,0.002302370290213775
3832,6,0.002302370290213775
10786,6,0.002302370290213775
4823,6,0.002302370290213775
12470,6,0.002302370290213775
2317,6,0.002302370290213775
10640,6,0.002302370290213775
12179,6,0.002302370290213775
4964,6,0.002302370290213775
824,6,0.002302370290213775
5185,6,0.002302370290213775
3744,6,0.002302370290213775
8885,6,0.002302370290213775
7617,6,0.002302370290213775
9788,6,0.002302370290213775
8693,6,0.002302370290213775
9131,6,0.002302370290213775
2333,6,0.002302370290213775
2709,6,0.002302370290213775
3407,6,0.002302370290213775
9680,6,0.002302370290213775
5674,6,0.002302370290213775
442,6,0.002302370290213775
7309,6,0.002302370290213775
6644,6,0.002302370290213775
2070,6,0.002302370290213775
12564,6,0.002302370290213775
3560,6,0.002302370290213775
5354,6,0.002302370290213775
5323,6,0.002302370290213775
8910,6,0.002302370290213775
6946,6,0.002302370290213775
10235,6,0.002302370290213775
3833,6,0.002302370290213775
4165,6,0.002302370290213775
11258,6,0.002302370290213775
4492,6,0.002302370290213775
10471,6,0.002302370290213775
11219,6,0.002302370290213775
350,6,0.002302370290213775
8346,6,0.002302370290213775
10350,6,0.002302370290213775
7343,6,0.002302370290213775
3814,6,0.002302370290213775
7784,6,0.002302370290213775
11526,6,0.002302370290213775
3346,6,0.002302370290213775
2328,6,0.002302370290213775
1193,6,0.002302370290213775
6650,6,0.002302370290213775
11405,6,0.002302370290213775
12133,6,0.002302370290213775
2289,6,0.002302370290213775
4024,6,0.002302370290213775
2411,6,0.002302370290213775
4378,6,0.002302370290213775
5631,6,0.002302370290213775
6421,6,0.002302370290213775
3143,6,0.002302370290213775
855,6,0.002302370290213775
1253,6,0.002302370290213775
7455,6,0.002302370290213775
7323,6,0.002302370290213775
788,6,0.002302370290213775
6384,6,0.002302370290213775
1998,6,0.002302370290213775
1226,6,0.002302370290213775
866,6,0.002302370290213775
4193,6,0.002302370290213775
3886,6,0.002302370290213775
11709,6,0.002302370290213775
5472,6,0.002302370290213775
4928,6,0.002302370290213775
11497,6,0.002302370290213775
7411,6,0.002302370290213775
6861,6,0.002302370290213775
288,6,0.002302370290213775
873,6,0.002302370290213775
7801,6,0.002302370290213775
6879,6,0.002302370290213775
2162,6,0.002302370290213775
9612,6,0.002302370290213775
9299,6,0.002302370290213775
2345,6,0.002302370290213775
1503,6,0.002302370290213775
9476,6,0.002302370290213775
4453,6,0.002302370290213775
11985,6,0.002302370290213775
10681,6,0.002302370290213775
6759,6,0.002302370290213775
1,6,0.002302370290213775
1692,6,0.002302370290213775
11960,6,0.002302370290213775
6848,6,0.002302370290213775
4464,6,0.002302370290213775
1293,6,0.002302370290213775
654,6,0.002302370290213775
744,6,0.002302370290213775
9081,6,0.002302370290213775
2893,6,0.002302370290213775
5079,6,0.002302370290213775
5585,6,0.002302370290213775
4082,6,0.002302370290213775
4549,6,0.002302370290213775
7463,6,0.002302370290213775
3462,6,0.002302370290213775
6779,6,0.002302370290213775
4655,6,0.002302370290213775
5160,6,0.002302370290213775
1856,6,0.002302370290213775
8690,6,0.002302370290213775
471,6,0.002302370290213775
10162,6,0.002302370290213775
9482,6,0.002302370290213775
11189,6,0.002302370290213775
906,6,0.002302370290213775
5487,6,0.002302370290213775
8191,6,0.002302370290213775
12316,6,0.002302370290213775
6390,6,0.002302370290213775
6563,6,0.002302370290213775
786,6,0.002302370290213775
818,6,0.002302370290213775
7119,6,0.002302370290213775
12558,6,0.002302370290213775
7165,6,0.002302370290213775
6897,6,0.002302370290213775
4809,6,0.002302370290213775
5167,6,0.002302370290213775
1918,6,0.002302370290213775
11578,6,0.002302370290213775
10306,6,0.002302370290213775
9252,6,0.002302370290213775
5746,6,0.002302370290213775
11338,6,0.002302370290213775
8919,6,0.002302370290213775
5336,6,0.002302370290213775
5378,6,0.002302370290213775
2057,6,0.002302370290213775
4607,6,0.002302370290213775
3955,6,0.002302370290213775
841,6,0.002302370290213775
7327,6,0.002302370290213775
7522,6,0.002302370290213775
1604,6,0.002302370290213775
11765,6,0.002302370290213775
9008,6,0.002302370290213775
872,6,0.002302370290213775
5511,6,0.002302370290213775
4090,6,0.002302370290213775
1477,6,0.002302370290213775
7186,6,0.002302370290213775
11976,6,0.002302370290213775
3505,6,0.002302370290213775
795,6,0.002302370290213775
2454,6,0.002302370290213775
2488,6,0.002302370290213775
4098,6,0.002302370290213775
5772,6,0.002302370290213775
10868,6,0.002302370290213775
10473,6,0.002302370290213775
3582,6,0.002302370290213775
1820,6,0.002302370290213775
5564,6,0.002302370290213775
1011,6,0.002302370290213775
11794,6,0.002302370290213775
4451,6,0.002302370290213775
8055,6,0.002302370290213775
2009,6,0.002302370290213775
12211,6,0.002302370290213775
1673,6,0.002302370290213775
11693,6,0.002302370290213775
3757,6,0.002302370290213775
6447,6,0.002302370290213775
1127,6,0.002302370290213775
4916,6,0.002302370290213775
356,6,0.002302370290213775
3230,6,0.002302370290213775
5578,6,0.002302370290213775
10974,6,0.002302370290213775
6350,6,0.002302370290213775
11716,6,0.002302370290213775
2754,6,0.002302370290213775
11156,6,0.002302370290213775
10904,6,0.002302370290213775
8438,6,0.002302370290213775
12289,6,0.002302370290213775
54,6,0.002302370290213775
2408,6,0.002302370290213775
8493,6,0.002302370290213775
7714,6,0.002302370290213775
9172,6,0.002302370290213775
4777,6,0.002302370290213775
4850,6,0.002302370290213775
8989,6,0.002302370290213775
5086,6,0.002302370290213775
2849,6,0.002302370290213775
10628,6,0.002302370290213775
10427,6,0.002302370290213775
6976,6,0.002302370290213775
8746,6,0.002302370290213775
12533,6,0.002302370290213775
1679,6,0.002302370290213775
2650,6,0.002302370290213775
7623,6,0.002302370290213775
5452,6,0.002302370290213775
9153,6,0.002302370290213775
115,6,0.002302370290213775
11781,6,0.002302370290213775
12559,6,0.002302370290213775
6810,6,0.002302370290213775
7799,6,0.002302370290213775
4626,6,0.002302370290213775
7367,6,0.002302370290213775
2676,6,0.002302370290213775
486,6,0.002302370290213775
1978,6,0.002302370290213775
12195,6,0.002302370290213775
9485,6,0.002302370290213775
6272,6,0.002302370290213775
7089,6,0.002302370290213775
9552,6,0.002302370290213775
12271,6,0.002302370290213775
2080,6,0.002302370290213775
5477,6,0.002302370290213775
11102,6,0.002302370290213775
6235,6,0.002302370290213775
6248,6,0.002302370290213775
885,6,0.002302370290213775
7038,6,0.002302370290213775
11259,6,0.002302370290213775
3327,6,0.002302370290213775
5415,6,0.002302370290213775
6105,6,0.002302370290213775
768,6,0.002302370290213775
5407,6,0.002302370290213775
5666,6,0.002302370290213775
9402,6,0.002302370290213775
1633,6,0.002302370290213775
9003,6,0.002302370290213775
5351,6,0.002302370290213775
10438,6,0.002302370290213775
10463,6,0.002302370290213775
9016,6,0.002302370290213775
11546,6,0.002302370290213775
12373,6,0.002302370290213775
4467,6,0.002302370290213775
2419,6,0.002302370290213775
1665,6,0.002302370290213775
7983,6,0.002302370290213775
4081,6,0.002302370290213775
11139,6,0.002302370290213775
7591,6,0.002302370290213775
11596,6,0.002302370290213775
11416,6,0.002302370290213775
17,6,0.002302370290213775
9400,6,0.002302370290213775
2340,6,0.002302370290213775
5925,6,0.002302370290213775
7372,6,0.002302370290213775
2688,6,0.002302370290213775
127,6,0.002302370290213775
6155,6,0.002302370290213775
6541,6,0.002302370290213775
8583,6,0.002302370290213775
3385,6,0.002302370290213775
188,6,0.002302370290213775
6379,6,0.002302370290213775
4663,6,0.002302370290213775
192,6,0.002302370290213775
6302,6,0.002302370290213775
9800,6,0.002302370290213775
8719,6,0.002302370290213775
4099,6,0.002302370290213775
8246,6,0.002302370290213775
11744,6,0.002302370290213775
5597,5,0.0019186419085114792
10404,5,0.0019186419085114792
3975,5,0.0019186419085114792
7379,5,0.0019186419085114792
1474,5,0.0019186419085114792
6755,5,0.0019186419085114792
11309,5,0.0019186419085114792
7901,5,0.0019186419085114792
1947,5,0.0019186419085114792
9759,5,0.0019186419085114792
7387,5,0.0019186419085114792
7263,5,0.0019186419085114792
11206,5,0.0019186419085114792
9228,5,0.0019186419085114792
6418,5,0.0019186419085114792
5877,5,0.0019186419085114792
1259,5,0.0019186419085114792
443,5,0.0019186419085114792
10315,5,0.0019186419085114792
1892,5,0.0019186419085114792
10474,5,0.0019186419085114792
10318,5,0.0019186419085114792
10758,5,0.0019186419085114792
6564,5,0.0019186419085114792
5207,5,0.0019186419085114792
3050,5,0.0019186419085114792
11520,5,0.0019186419085114792
6320,5,0.0019186419085114792
4505,5,0.0019186419085114792
3766,5,0.0019186419085114792
10295,5,0.0019186419085114792
6851,5,0.0019186419085114792
9458,5,0.0019186419085114792
11070,5,0.0019186419085114792
7385,5,0.0019186419085114792
11547,5,0.0019186419085114792
7417,5,0.0019186419085114792
7422,5,0.0019186419085114792
10411,5,0.0019186419085114792
5687,5,0.0019186419085114792
10468,5,0.0019186419085114792
146,5,0.0019186419085114792
9425,5,0.0019186419085114792
2023,5,0.0019186419085114792
10797,5,0.0019186419085114792
5547,5,0.0019186419085114792
10068,5,0.0019186419085114792
9246,5,0.0019186419085114792
5805,5,0.0019186419085114792
7264,5,0.0019186419085114792
8942,5,0.0019186419085114792
4906,5,0.0019186419085114792
7944,5,0.0019186419085114792
2183,5,0.0019186419085114792
9822,5,0.0019186419085114792
826,5,0.0019186419085114792
9996,5,0.0019186419085114792
7352,5,0.0019186419085114792
2405,5,0.0019186419085114792
5929,5,0.0019186419085114792
1165,5,0.0019186419085114792
11404,5,0.0019186419085114792
9856,5,0.0019186419085114792
275,5,0.0019186419085114792
11895,5,0.0019186419085114792
10317,5,0.0019186419085114792
343,5,0.0019186419085114792
4637,5,0.0019186419085114792
1490,5,0.0019186419085114792
1188,5,0.0019186419085114792
2926,5,0.0019186419085114792
6068,5,0.0019186419085114792
8355,5,0.0019186419085114792
9607,5,0.0019186419085114792
11615,5,0.0019186419085114792
2585,5,0.0019186419085114792
6084,5,0.0019186419085114792
7252,5,0.0019186419085114792
11530,5,0.0019186419085114792
10976,5,0.0019186419085114792
7271,5,0.0019186419085114792
3695,5,0.0019186419085114792
7001,5,0.0019186419085114792
6166,5,0.0019186419085114792
5243,5,0.0019186419085114792
9791,5,0.0019186419085114792
87,5,0.0019186419085114792
8599,5,0.0019186419085114792
10988,5,0.0019186419085114792
8964,5,0.0019186419085114792
10128,5,0.0019186419085114792
10396,5,0.0019186419085114792
5447,5,0.0019186419085114792
8683,5,0.0019186419085114792
12018,5,0.0019186419085114792
7852,5,0.0019186419085114792
1364,5,0.0019186419085114792
2360,5,0.0019186419085114792
2154,5,0.0019186419085114792
8264,5,0.0019186419085114792
7824,5,0.0019186419085114792
7118,5,0.0019186419085114792
11774,5,0.0019186419085114792
5843,5,0.0019186419085114792
10796,5,0.0019186419085114792
810,5,0.0019186419085114792
8496,5,0.0019186419085114792
5332,5,0.0019186419085114792
9920,5,0.0019186419085114792
1897,5,0.0019186419085114792
7358,5,0.0019186419085114792
12083,5,0.0019186419085114792
5281,5,0.0019186419085114792
5333,5,0.0019186419085114792
1766,5,0.0019186419085114792
1334,5,0.0019186419085114792
197,5,0.0019186419085114792
3188,5,0.0019186419085114792
9125,5,0.0019186419085114792
7792,5,0.0019186419085114792
10656,5,0.0019186419085114792
1027,5,0.0019186419085114792
11837,5,0.0019186419085114792
9853,5,0.0019186419085114792
10503,5,0.0019186419085114792
10594,5,0.0019186419085114792
8981,5,0.0019186419085114792
7490,5,0.0019186419085114792
3093,5,0.0019186419085114792
4739,5,0.0019186419085114792
195,5,0.0019186419085114792
6582,5,0.0019186419085114792
10286,5,0.0019186419085114792
4340,5,0.0019186419085114792
3567,5,0.0019186419085114792
11766,5,0.0019186419085114792
3977,5,0.0019186419085114792
9114,5,0.0019186419085114792
2445,5,0.0019186419085114792
12010,5,0.0019186419085114792
11823,5,0.0019186419085114792
3425,5,0.0019186419085114792
4693,5,0.0019186419085114792
7377,5,0.0019186419085114792
5560,5,0.0019186419085114792
7427,5,0.0019186419085114792
8462,5,0.0019186419085114792
9772,5,0.0019186419085114792
10544,5,0.0019186419085114792
10938,5,0.0019186419085114792
407,5,0.0019186419085114792
12392,5,0.0019186419085114792
3702,5,0.0019186419085114792
10253,5,0.0019186419085114792
10227,5,0.0019186419085114792
8615,5,0.0019186419085114792
11913,5,0.0019186419085114792
888,5,0.0019186419085114792
233,5,0.0019186419085114792
11383,5,0.0019186419085114792
8902,5,0.0019186419085114792
10429,5,0.0019186419085114792
4708,5,0.0019186419085114792
9009,5,0.0019186419085114792
2695,5,0.0019186419085114792
2107,5,0.0019186419085114792
5814,5,0.0019186419085114792
12436,5,0.0019186419085114792
9293,5,0.0019186419085114792
5618,5,0.0019186419085114792
3086,5,0.0019186419085114792
9664,5,0.0019186419085114792
2489,5,0.0019186419085114792
8992,5,0.0019186419085114792
4463,5,0.0019186419085114792
5785,5,0.0019186419085114792
9143,5,0.0019186419085114792
6106,5,0.0019186419085114792
11870,5,0.0019186419085114792
2663,5,0.0019186419085114792
1399,5,0.0019186419085114792
5663,5,0.0019186419085114792
11934,5,0.0019186419085114792
2039,5,0.0019186419085114792
3466,5,0.0019186419085114792
10169,5,0.0019186419085114792
11418,5,0.0019186419085114792
4329,5,0.0019186419085114792
1304,5,0.0019186419085114792
4634,5,0.0019186419085114792
9909,5,0.0019186419085114792
2171,5,0.0019186419085114792
9263,5,0.0019186419085114792
3604,5,0.0019186419085114792
10537,5,0.0019186419085114792
624,5,0.0019186419085114792
4840,5,0.0019186419085114792
7697,5,0.0019186419085114792
4213,5,0.0019186419085114792
8611,5,0.0019186419085114792
12546,5,0.0019186419085114792
1923,5,0.0019186419085114792
6444,5,0.0019186419085114792
2740,5,0.0019186419085114792
11304,5,0.0019186419085114792
93,5,0.0019186419085114792
7767,5,0.0019186419085114792
2359,5,0.0019186419085114792
11955,5,0.0019186419085114792
6673,5,0.0019186419085114792
2022,5,0.0019186419085114792
4300,5,0.0019186419085114792
8552,5,0.0019186419085114792
1094,5,0.0019186419085114792
1135,5,0.0019186419085114792
4185,5,0.0019186419085114792
3054,5,0.0019186419085114792
9124,5,0.0019186419085114792
8529,5,0.0019186419085114792
7013,5,0.0019186419085114792
3334,5,0.0019186419085114792
2680,5,0.0019186419085114792
6761,5,0.0019186419085114792
8058,5,0.0019186419085114792
5341,5,0.0019186419085114792
6825,5,0.0019186419085114792
4326,5,0.0019186419085114792
11408,5,0.0019186419085114792
4400,5,0.0019186419085114792
7011,5,0.0019186419085114792
787,5,0.0019186419085114792
2544,5,0.0019186419085114792
7122,5,0.0019186419085114792
5233,5,0.0019186419085114792
612,5,0.0019186419085114792
694,5,0.0019186419085114792
9628,5,0.0019186419085114792
11915,5,0.0019186419085114792
643,5,0.0019186419085114792
5927,5,0.0019186419085114792
8165,5,0.0019186419085114792
2431,5,0.0019186419085114792
638,5,0.0019186419085114792
896,5,0.0019186419085114792
3896,5,0.0019186419085114792
1933,5,0.0019186419085114792
5216,5,0.0019186419085114792
7052,5,0.0019186419085114792
12347,5,0.0019186419085114792
7185,5,0.0019186419085114792
796,5,0.0019186419085114792
4025,5,0.0019186419085114792
8282,5,0.0019186419085114792
11315,5,0.0019186419085114792
4501,5,0.0019186419085114792
7048,5,0.0019186419085114792
5088,5,0.0019186419085114792
719,5,0.0019186419085114792
7720,5,0.0019186419085114792
11298,5,0.0019186419085114792
3995,5,0.0019186419085114792
1927,5,0.0019186419085114792
10383,5,0.0019186419085114792
2179,5,0.0019186419085114792
10751,5,0.0019186419085114792
3789,5,0.0019186419085114792
3492,5,0.0019186419085114792
10998,5,0.0019186419085114792
4195,5,0.0019186419085114792
1883,5,0.0019186419085114792
338,5,0.0019186419085114792
12403,5,0.0019186419085114792
2944,5,0.0019186419085114792
876,5,0.0019186419085114792
1260,5,0.0019186419085114792
1316,5,0.0019186419085114792
7726,5,0.0019186419085114792
4109,5,0.0019186419085114792
12412,5,0.0019186419085114792
3635,5,0.0019186419085114792
6193,5,0.0019186419085114792
6587,5,0.0019186419085114792
5453,5,0.0019186419085114792
4794,5,0.0019186419085114792
3593,5,0.0019186419085114792
357,5,0.0019186419085114792
6344,5,0.0019186419085114792
4177,5,0.0019186419085114792
7733,5,0.0019186419085114792
9267,5,0.0019186419085114792
2832,5,0.0019186419085114792
2310,5,0.0019186419085114792
1552,5,0.0019186419085114792
3084,5,0.0019186419085114792
5457,5,0.0019186419085114792
12429,5,0.0019186419085114792
4529,5,0.0019186419085114792
1556,5,0.0019186419085114792
3936,5,0.0019186419085114792
2873,5,0.0019186419085114792
10242,5,0.0019186419085114792
10775,5,0.0019186419085114792
12166,5,0.0019186419085114792
3590,5,0.0019186419085114792
2907,5,0.0019186419085114792
12515,5,0.0019186419085114792
12108,5,0.0019186419085114792
11078,5,0.0019186419085114792
9620,5,0.0019186419085114792
6567,5,0.0019186419085114792
107,5,0.0019186419085114792
8509,5,0.0019186419085114792
1425,5,0.0019186419085114792
11148,5,0.0019186419085114792
4860,5,0.0019186419085114792
9767,5,0.0019186419085114792
5521,5,0.0019186419085114792
8128,5,0.0019186419085114792
5343,5,0.0019186419085114792
1765,5,0.0019186419085114792
9382,5,0.0019186419085114792
5701,5,0.0019186419085114792
194,5,0.0019186419085114792
5737,5,0.0019186419085114792
12325,5,0.0019186419085114792
2631,5,0.0019186419085114792
1861,5,0.0019186419085114792
11641,5,0.0019186419085114792
9954,5,0.0019186419085114792
1900,5,0.0019186419085114792
2634,5,0.0019186419085114792
2717,5,0.0019186419085114792
3684,5,0.0019186419085114792
11105,5,0.0019186419085114792
10287,5,0.0019186419085114792
2613,5,0.0019186419085114792
1884,5,0.0019186419085114792
4332,5,0.0019186419085114792
3544,5,0.0019186419085114792
4855,5,0.0019186419085114792
9694,5,0.0019186419085114792
9193,5,0.0019186419085114792
5723,5,0.0019186419085114792
8823,5,0.0019186419085114792
2008,5,0.0019186419085114792
3951,5,0.0019186419085114792
11214,5,0.0019186419085114792
2361,5,0.0019186419085114792
2992,5,0.0019186419085114792
10547,5,0.0019186419085114792
8904,5,0.0019186419085114792
992,5,0.0019186419085114792
11233,5,0.0019186419085114792
9018,5,0.0019186419085114792
11016,5,0.0019186419085114792
4875,5,0.0019186419085114792
10618,5,0.0019186419085114792
11055,5,0.0019186419085114792
4717,5,0.0019186419085114792
4447,5,0.0019186419085114792
4235,5,0.0019186419085114792
6091,5,0.0019186419085114792
9967,5,0.0019186419085114792
12140,5,0.0019186419085114792
3139,5,0.0019186419085114792
6050,5,0.0019186419085114792
5866,5,0.0019186419085114792
7582,5,0.0019186419085114792
1772,5,0.0019186419085114792
2813,5,0.0019186419085114792
4076,5,0.0019186419085114792
12098,5,0.0019186419085114792
7628,5,0.0019186419085114792
5418,5,0.0019186419085114792
5273,5,0.0019186419085114792
3600,5,0.0019186419085114792
11980,5,0.0019186419085114792
2658,5,0.0019186419085114792
9199,5,0.0019186419085114792
4819,5,0.0019186419085114792
11038,5,0.0019186419085114792
9363,5,0.0019186419085114792
1716,5,0.0019186419085114792
538,5,0.0019186419085114792
1648,5,0.0019186419085114792
1564,5,0.0019186419085114792
12365,5,0.0019186419085114792
11989,5,0.0019186419085114792
11323,5,0.0019186419085114792
10372,5,0.0019186419085114792
67,5,0.0019186419085114792
10067,5,0.0019186419085114792
6274,5,0.0019186419085114792
546,5,0.0019186419085114792
5151,5,0.0019186419085114792
10898,5,0.0019186419085114792
7876,5,0.0019186419085114792
11971,5,0.0019186419085114792
7156,5,0.0019186419085114792
3925,5,0.0019186419085114792
3761,5,0.0019186419085114792
300,5,0.0019186419085114792
5905,5,0.0019186419085114792
3650,5,0.0019186419085114792
8853,5,0.0019186419085114792
10414,5,0.0019186419085114792
9141,5,0.0019186419085114792
7937,5,0.0019186419085114792
4385,5,0.0019186419085114792
3981,5,0.0019186419085114792
409,5,0.0019186419085114792
10756,5,0.0019186419085114792
11469,5,0.0019186419085114792
7768,5,0.0019186419085114792
6300,4,0.0015349135268091835
9814,4,0.0015349135268091835
11006,4,0.0015349135268091835
1046,4,0.0015349135268091835
10390,4,0.0015349135268091835
6533,4,0.0015349135268091835
474,4,0.0015349135268091835
7574,4,0.0015349135268091835
9128,4,0.0015349135268091835
4276,4,0.0015349135268091835
133,4,0.0015349135268091835
10181,4,0.0015349135268091835
6803,4,0.0015349135268091835
2109,4,0.0015349135268091835
12021,4,0.0015349135268091835
9773,4,0.0015349135268091835
1685,4,0.0015349135268091835
10484,4,0.0015349135268091835
488,4,0.0015349135268091835
11839,4,0.0015349135268091835
10762,4,0.0015349135268091835
8956,4,0.0015349135268091835
4057,4,0.0015349135268091835
613,4,0.0015349135268091835
6031,4,0.0015349135268091835
10638,4,0.0015349135268091835
2430,4,0.0015349135268091835
4067,4,0.0015349135268091835
5600,4,0.0015349135268091835
976,4,0.0015349135268091835
10363,4,0.0015349135268091835
9960,4,0.0015349135268091835
10981,4,0.0015349135268091835
3685,4,0.0015349135268091835
5889,4,0.0015349135268091835
1662,4,0.0015349135268091835
9570,4,0.0015349135268091835
7085,4,0.0015349135268091835
7572,4,0.0015349135268091835
6599,4,0.0015349135268091835
8873,4,0.0015349135268091835
782,4,0.0015349135268091835
2612,4,0.0015349135268091835
10546,4,0.0015349135268091835
4742,4,0.0015349135268091835
12064,4,0.0015349135268091835
1322,4,0.0015349135268091835
3108,4,0.0015349135268091835
6381,4,0.0015349135268091835
5018,4,0.0015349135268091835
3594,4,0.0015349135268091835
8481,4,0.0015349135268091835
4215,4,0.0015349135268091835
4980,4,0.0015349135268091835
2660,4,0.0015349135268091835
11260,4,0.0015349135268091835
2798,4,0.0015349135268091835
4458,4,0.0015349135268091835
10294,4,0.0015349135268091835
779,4,0.0015349135268091835
11248,4,0.0015349135268091835
1288,4,0.0015349135268091835
7605,4,0.0015349135268091835
8982,4,0.0015349135268091835
2108,4,0.0015349135268091835
2365,4,0.0015349135268091835
1283,4,0.0015349135268091835
4197,4,0.0015349135268091835
6066,4,0.0015349135268091835
3750,4,0.0015349135268091835
9738,4,0.0015349135268091835
239,4,0.0015349135268091835
7015,4,0.0015349135268091835
9946,4,0.0015349135268091835
10871,4,0.0015349135268091835
7203,4,0.0015349135268091835
2708,4,0.0015349135268091835
2823,4,0.0015349135268091835
10046,4,0.0015349135268091835
2614,4,0.0015349135268091835
767,4,0.0015349135268091835
6355,4,0.0015349135268091835
2344,4,0.0015349135268091835
2764,4,0.0015349135268091835
2931,4,0.0015349135268091835
1241,4,0.0015349135268091835
9249,4,0.0015349135268091835
7883,4,0.0015349135268091835
5026,4,0.0015349135268091835
4085,4,0.0015349135268091835
8327,4,0.0015349135268091835
3806,4,0.0015349135268091835
6473,4,0.0015349135268091835
5056,4,0.0015349135268091835
3215,4,0.0015349135268091835
4233,4,0.0015349135268091835
12078,4,0.0015349135268091835
10793,4,0.0015349135268091835
7250,4,0.0015349135268091835
10836,4,0.0015349135268091835
2594,4,0.0015349135268091835
604,4,0.0015349135268091835
3069,4,0.0015349135268091835
1622,4,0.0015349135268091835
1696,4,0.0015349135268091835
10509,4,0.0015349135268091835
9415,4,0.0015349135268091835
11769,4,0.0015349135268091835
2818,4,0.0015349135268091835
4757,4,0.0015349135268091835
4805,4,0.0015349135268091835
2376,4,0.0015349135268091835
1186,4,0.0015349135268091835
2950,4,0.0015349135268091835
11899,4,0.0015349135268091835
12547,4,0.0015349135268091835
2694,4,0.0015349135268091835
3207,4,0.0015349135268091835
8773,4,0.0015349135268091835
3096,4,0.0015349135268091835
5309,4,0.0015349135268091835
11190,4,0.0015349135268091835
10508,4,0.0015349135268091835
7332,4,0.0015349135268091835
7694,4,0.0015349135268091835
5604,4,0.0015349135268091835
2094,4,0.0015349135268091835
3906,4,0.0015349135268091835
7505,4,0.0015349135268091835
8734,4,0.0015349135268091835
6033,4,0.0015349135268091835
8156,4,0.0015349135268091835
12034,4,0.0015349135268091835
10201,4,0.0015349135268091835
5888,4,0.0015349135268091835
6135,4,0.0015349135268091835
10933,4,0.0015349135268091835
7557,4,0.0015349135268091835
1865,4,0.0015349135268091835
5554,4,0.0015349135268091835
4164,4,0.0015349135268091835
9034,4,0.0015349135268091835
11696,4,0.0015349135268091835
10506,4,0.0015349135268091835
7375,4,0.0015349135268091835
723,4,0.0015349135268091835
10262,4,0.0015349135268091835
2483,4,0.0015349135268091835
8585,4,0.0015349135268091835
10512,4,0.0015349135268091835
2582,4,0.0015349135268091835
2844,4,0.0015349135268091835
7592,4,0.0015349135268091835
10648,4,0.0015349135268091835
187,4,0.0015349135268091835
248,4,0.0015349135268091835
9113,4,0.0015349135268091835
1345,4,0.0015349135268091835
12407,4,0.0015349135268091835
3023,4,0.0015349135268091835
10579,4,0.0015349135268091835
4842,4,0.0015349135268091835
12252,4,0.0015349135268091835
7058,4,0.0015349135268091835
8711,4,0.0015349135268091835
1720,4,0.0015349135268091835
7778,4,0.0015349135268091835
12363,4,0.0015349135268091835
7550,4,0.0015349135268091835
4470,4,0.0015349135268091835
6816,4,0.0015349135268091835
3251,4,0.0015349135268091835
834,4,0.0015349135268091835
3965,4,0.0015349135268091835
5258,4,0.0015349135268091835
12431,4,0.0015349135268091835
7169,4,0.0015349135268091835
8848,4,0.0015349135268091835
7971,4,0.0015349135268091835
5292,4,0.0015349135268091835
11386,4,0.0015349135268091835
1712,4,0.0015349135268091835
11584,4,0.0015349135268091835
8565,4,0.0015349135268091835
5840,4,0.0015349135268091835
9879,4,0.0015349135268091835
9653,4,0.0015349135268091835
1456,4,0.0015349135268091835
4665,4,0.0015349135268091835
6398,4,0.0015349135268091835
1510,4,0.0015349135268091835
3796,4,0.0015349135268091835
874,4,0.0015349135268091835
10919,4,0.0015349135268091835
9280,4,0.0015349135268091835
946,4,0.0015349135268091835
1982,4,0.0015349135268091835
9146,4,0.0015349135268091835
12169,4,0.0015349135268091835
518,4,0.0015349135268091835
10820,4,0.0015349135268091835
11361,4,0.0015349135268091835
7614,4,0.0015349135268091835
12389,4,0.0015349135268091835
11237,4,0.0015349135268091835
9588,4,0.0015349135268091835
9892,4,0.0015349135268091835
4381,4,0.0015349135268091835
290,4,0.0015349135268091835
4066,4,0.0015349135268091835
11869,4,0.0015349135268091835
754,4,0.0015349135268091835
3768,4,0.0015349135268091835
10523,4,0.0015349135268091835
5395,4,0.0015349135268091835
12013,4,0.0015349135268091835
2480,4,0.0015349135268091835
9677,4,0.0015349135268091835
12122,4,0.0015349135268091835
9882,4,0.0015349135268091835
7426,4,0.0015349135268091835
7615,4,0.0015349135268091835
8894,4,0.0015349135268091835
4422,4,0.0015349135268091835
2215,4,0.0015349135268091835
10510,4,0.0015349135268091835
2142,4,0.0015349135268091835
2287,4,0.0015349135268091835
2016,4,0.0015349135268091835
6268,4,0.0015349135268091835
4944,4,0.0015349135268091835
9737,4,0.0015349135268091835
12165,4,0.0015349135268091835
2221,4,0.0015349135268091835
11597,4,0.0015349135268091835
5489,4,0.0015349135268091835
2272,4,0.0015349135268091835
6124,4,0.0015349135268091835
10486,4,0.0015349135268091835
5176,4,0.0015349135268091835
7895,4,0.0015349135268091835
4474,4,0.0015349135268091835
4985,4,0.0015349135268091835
4254,4,0.0015349135268091835
4662,4,0.0015349135268091835
2001,4,0.0015349135268091835
8562,4,0.0015349135268091835
1600,4,0.0015349135268091835
1858,4,0.0015349135268091835
1943,4,0.0015349135268091835
9373,4,0.0015349135268091835
2799,4,0.0015349135268091835
11783,4,0.0015349135268091835
38,4,0.0015349135268091835
2830,4,0.0015349135268091835
916,4,0.0015349135268091835
4996,4,0.0015349135268091835
4011,4,0.0015349135268091835
8735,4,0.0015349135268091835
1504,4,0.0015349135268091835
10619,4,0.0015349135268091835
9288,4,0.0015349135268091835
6017,4,0.0015349135268091835
6612,4,0.0015349135268091835
198,4,0.0015349135268091835
10969,4,0.0015349135268091835
7071,4,0.0015349135268091835
3877,4,0.0015349135268091835
10290,4,0.0015349135268091835
6699,4,0.0015349135268091835
6749,4,0.0015349135268091835
5924,4,0.0015349135268091835
2017,4,0.0015349135268091835
12434,4,0.0015349135268091835
10407,4,0.0015349135268091835
11050,4,0.0015349135268091835
1001,4,0.0015349135268091835
3499,4,0.0015349135268091835
5983,4,0.0015349135268091835
8677,4,0.0015349135268091835
5930,4,0.0015349135268091835
7827,4,0.0015349135268091835
757,4,0.0015349135268091835
4618,4,0.0015349135268091835
2077,4,0.0015349135268091835
5563,4,0.0015349135268091835
9527,4,0.0015349135268091835
3209,4,0.0015349135268091835
5524,4,0.0015349135268091835
11491,4,0.0015349135268091835
10752,4,0.0015349135268091835
2338,4,0.0015349135268091835
1808,4,0.0015349135268091835
1612,4,0.0015349135268091835
4722,4,0.0015349135268091835
3173,4,0.0015349135268091835
2901,4,0.0015349135268091835
6233,4,0.0015349135268091835
2047,4,0.0015349135268091835
6619,4,0.0015349135268091835
2636,4,0.0015349135268091835
1407,4,0.0015349135268091835
7649,4,0.0015349135268091835
6003,4,0.0015349135268091835
10567,4,0.0015349135268091835
11138,4,0.0015349135268091835
10308,4,0.0015349135268091835
159,4,0.0015349135268091835
5391,4,0.0015349135268091835
3369,4,0.0015349135268091835
11231,4,0.0015349135268091835
11249,4,0.0015349135268091835
3928,4,0.0015349135268091835
9923,4,0.0015349135268091835
12355,4,0.0015349135268091835
5632,4,0.0015349135268091835
10209,4,0.0015349135268091835
4602,4,0.0015349135268091835
10121,4,0.0015349135268091835
9096,4,0.0015349135268091835
353,4,0.0015349135268091835
11820,4,0.0015349135268091835
3141,4,0.0015349135268091835
5008,4,0.0015349135268091835
4631,4,0.0015349135268091835
4252,4,0.0015349135268091835
1284,4,0.0015349135268091835
2761,4,0.0015349135268091835
2311,4,0.0015349135268091835
7621,4,0.0015349135268091835
5739,4,0.0015349135268091835
653,4,0.0015349135268091835
1786,4,0.0015349135268091835
7040,4,0.0015349135268091835
2252,4,0.0015349135268091835
4167,4,0.0015349135268091835
5328,4,0.0015349135268091835
3190,4,0.0015349135268091835
5883,4,0.0015349135268091835
11466,4,0.0015349135268091835
6335,4,0.0015349135268091835
1008,4,0.0015349135268091835
1683,4,0.0015349135268091835
7099,4,0.0015349135268091835
4525,4,0.0015349135268091835
6857,4,0.0015349135268091835
1190,4,0.0015349135268091835
1958,4,0.0015349135268091835
4127,4,0.0015349135268091835
6333,4,0.0015349135268091835
3213,4,0.0015349135268091835
1822,4,0.0015349135268091835
2647,4,0.0015349135268091835
8781,4,0.0015349135268091835
9667,4,0.0015349135268091835
2748,4,0.0015349135268091835
7296,4,0.0015349135268091835
9844,4,0.0015349135268091835
3718,4,0.0015349135268091835
7257,4,0.0015349135268091835
6669,4,0.0015349135268091835
11840,4,0.0015349135268091835
4328,4,0.0015349135268091835
4272,4,0.0015349135268091835
8940,4,0.0015349135268091835
7067,4,0.0015349135268091835
9843,4,0.0015349135268091835
1968,4,0.0015349135268091835
8946,4,0.0015349135268091835
5916,4,0.0015349135268091835
8285,4,0.0015349135268091835
5432,4,0.0015349135268091835
11037,4,0.0015349135268091835
4622,4,0.0015349135268091835
8084,4,0.0015349135268091835
12454,4,0.0015349135268091835
6824,4,0.0015349135268091835
11468,4,0.0015349135268091835
11393,4,0.0015349135268091835
4257,4,0.0015349135268091835
8660,4,0.0015349135268091835
6968,4,0.0015349135268091835
2381,4,0.0015349135268091835
52,4,0.0015349135268091835
9017,4,0.0015349135268091835
9127,4,0.0015349135268091835
10223,4,0.0015349135268091835
4171,4,0.0015349135268091835
2058,4,0.0015349135268091835
7991,4,0.0015349135268091835
5559,4,0.0015349135268091835
5555,4,0.0015349135268091835
6835,4,0.0015349135268091835
7079,4,0.0015349135268091835
8358,4,0.0015349135268091835
3427,4,0.0015349135268091835
10043,4,0.0015349135268091835
7380,4,0.0015349135268091835
8300,4,0.0015349135268091835
5544,4,0.0015349135268091835
4678,4,0.0015349135268091835
2104,4,0.0015349135268091835
699,4,0.0015349135268091835
9247,4,0.0015349135268091835
5420,4,0.0015349135268091835
10346,4,0.0015349135268091835
3111,4,0.0015349135268091835
6742,4,0.0015349135268091835
109,4,0.0015349135268091835
2862,4,0.0015349135268091835
5419,4,0.0015349135268091835
6636,4,0.0015349135268091835
244,4,0.0015349135268091835
4134,4,0.0015349135268091835
5896,4,0.0015349135268091835
10534,4,0.0015349135268091835
1807,4,0.0015349135268091835
2969,4,0.0015349135268091835
7555,4,0.0015349135268091835
4937,4,0.0015349135268091835
11964,4,0.0015349135268091835
7538,4,0.0015349135268091835
3059,4,0.0015349135268091835
10731,4,0.0015349135268091835
12305,4,0.0015349135268091835
6347,4,0.0015349135268091835
2197,4,0.0015349135268091835
7701,4,0.0015349135268091835
3225,4,0.0015349135268091835
584,4,0.0015349135268091835
1520,4,0.0015349135268091835
4031,4,0.0015349135268091835
9701,4,0.0015349135268091835
5105,4,0.0015349135268091835
5670,4,0.0015349135268091835
6882,4,0.0015349135268091835
3064,4,0.0015349135268091835
6486,4,0.0015349135268091835
11357,4,0.0015349135268091835
712,4,0.0015349135268091835
430,4,0.0015349135268091835
11318,4,0.0015349135268091835
1821,3,0.0011511851451068875
6657,3,0.0011511851451068875
689,3,0.0011511851451068875
7471,3,0.0011511851451068875
5882,3,0.0011511851451068875
1768,3,0.0011511851451068875
7910,3,0.0011511851451068875
7524,3,0.0011511851451068875
136,3,0.0011511851451068875
12024,3,0.0011511851451068875
5159,3,0.0011511851451068875
3531,3,0.0011511851451068875
7862,3,0.0011511851451068875
1508,3,0.0011511851451068875
308,3,0.0011511851451068875
10023,3,0.0011511851451068875
10664,3,0.0011511851451068875
10447,3,0.0011511851451068875
9675,3,0.0011511851451068875
2012,3,0.0011511851451068875
3942,3,0.0011511851451068875
6021,3,0.0011511851451068875
7781,3,0.0011511851451068875
6365,3,0.0011511851451068875
6508,3,0.0011511851451068875
6819,3,0.0011511851451068875
2453,3,0.0011511851451068875
1769,3,0.0011511851451068875
3088,3,0.0011511851451068875
1877,3,0.0011511851451068875
3358,3,0.0011511851451068875
661,3,0.0011511851451068875
10460,3,0.0011511851451068875
9234,3,0.0011511851451068875
2141,3,0.0011511851451068875
9551,3,0.0011511851451068875
2903,3,0.0011511851451068875
12175,3,0.0011511851451068875
8791,3,0.0011511851451068875
5743,3,0.0011511851451068875
8840,3,0.0011511851451068875
10024,3,0.0011511851451068875
12199,3,0.0011511851451068875
2574,3,0.0011511851451068875
9842,3,0.0011511851451068875
12205,3,0.0011511851451068875
8401,3,0.0011511851451068875
9273,3,0.0011511851451068875
10699,3,0.0011511851451068875
11348,3,0.0011511851451068875
7124,3,0.0011511851451068875
5463,3,0.0011511851451068875
4639,3,0.0011511851451068875
2199,3,0.0011511851451068875
466,3,0.0011511851451068875
11134,3,0.0011511851451068875
1197,3,0.0011511851451068875
6037,3,0.0011511851451068875
5048,3,0.0011511851451068875
7005,3,0.0011511851451068875
12087,3,0.0011511851451068875
11923,3,0.0011511851451068875
8567,3,0.0011511851451068875
10824,3,0.0011511851451068875
5742,3,0.0011511851451068875
860,3,0.0011511851451068875
3210,3,0.0011511851451068875
11354,3,0.0011511851451068875
215,3,0.0011511851451068875
2459,3,0.0011511851451068875
2048,3,0.0011511851451068875
1731,3,0.0011511851451068875
4983,3,0.0011511851451068875
9454,3,0.0011511851451068875
10461,3,0.0011511851451068875
12080,3,0.0011511851451068875
2781,3,0.0011511851451068875
2753,3,0.0011511851451068875
2180,3,0.0011511851451068875
2042,3,0.0011511851451068875
5542,3,0.0011511851451068875
7930,3,0.0011511851451068875
456,3,0.0011511851451068875
3214,3,0.0011511851451068875
10767,3,0.0011511851451068875
1815,3,0.0011511851451068875
8387,3,0.0011511851451068875
4133,3,0.0011511851451068875
6080,3,0.0011511851451068875
11245,3,0.0011511851451068875
5990,3,0.0011511851451068875
5598,3,0.0011511851451068875
6811,3,0.0011511851451068875
7898,3,0.0011511851451068875
11346,3,0.0011511851451068875
2015,3,0.0011511851451068875
3580,3,0.0011511851451068875
2567,3,0.0011511851451068875
7339,3,0.0011511851451068875
9768,3,0.0011511851451068875
5101,3,0.0011511851451068875
10065,3,0.0011511851451068875
6615,3,0.0011511851451068875
11811,3,0.0011511851451068875
4000,3,0.0011511851451068875
7588,3,0.0011511851451068875
1587,3,0.0011511851451068875
6823,3,0.0011511851451068875
4681,3,0.0011511851451068875
110,3,0.0011511851451068875
2451,3,0.0011511851451068875
6868,3,0.0011511851451068875
11679,3,0.0011511851451068875
393,3,0.0011511851451068875
5140,3,0.0011511851451068875
6484,3,0.0011511851451068875
9633,3,0.0011511851451068875
1164,3,0.0011511851451068875
8457,3,0.0011511851451068875
5767,3,0.0011511851451068875
10073,3,0.0011511851451068875
7431,3,0.0011511851451068875
11273,3,0.0011511851451068875
6090,3,0.0011511851451068875
1115,3,0.0011511851451068875
9169,3,0.0011511851451068875
9,3,0.0011511851451068875
8000,3,0.0011511851451068875
4723,3,0.0011511851451068875
10174,3,0.0011511851451068875
9810,3,0.0011511851451068875
7477,3,0.0011511851451068875
751,3,0.0011511851451068875
1321,3,0.0011511851451068875
11654,3,0.0011511851451068875
5583,3,0.0011511851451068875
5782,3,0.0011511851451068875
8893,3,0.0011511851451068875
7159,3,0.0011511851451068875
12244,3,0.0011511851451068875
8980,3,0.0011511851451068875
228,3,0.0011511851451068875
9663,3,0.0011511851451068875
8808,3,0.0011511851451068875
832,3,0.0011511851451068875
2440,3,0.0011511851451068875
3495,3,0.0011511851451068875
851,3,0.0011511851451068875
8063,3,0.0011511851451068875
7682,3,0.0011511851451068875
3693,3,0.0011511851451068875
9168,3,0.0011511851451068875
3731,3,0.0011511851451068875
4858,3,0.0011511851451068875
2602,3,0.0011511851451068875
1584,3,0.0011511851451068875
4352,3,0.0011511851451068875
647,3,0.0011511851451068875
7955,3,0.0011511851451068875
9313,3,0.0011511851451068875
9347,3,0.0011511851451068875
7641,3,0.0011511851451068875
3850,3,0.0011511851451068875
9507,3,0.0011511851451068875
11072,3,0.0011511851451068875
4959,3,0.0011511851451068875
1721,3,0.0011511851451068875
7995,3,0.0011511851451068875
4787,3,0.0011511851451068875
9025,3,0.0011511851451068875
1294,3,0.0011511851451068875
1215,3,0.0011511851451068875
3869,3,0.0011511851451068875
7025,3,0.0011511851451068875
1229,3,0.0011511851451068875
5760,3,0.0011511851451068875
7880,3,0.0011511851451068875
700,3,0.0011511851451068875
9866,3,0.0011511851451068875
7221,3,0.0011511851451068875
9902,3,0.0011511851451068875
9610,3,0.0011511851451068875
9159,3,0.0011511851451068875
1790,3,0.0011511851451068875
6006,3,0.0011511851451068875
448,3,0.0011511851451068875
5802,3,0.0011511851451068875
301,3,0.0011511851451068875
11825,3,0.0011511851451068875
5917,3,0.0011511851451068875
12028,3,0.0011511851451068875
9783,3,0.0011511851451068875
496,3,0.0011511851451068875
3184,3,0.0011511851451068875
4878,3,0.0011511851451068875
948,3,0.0011511851451068875
6247,3,0.0011511851451068875
80,3,0.0011511851451068875
3149,3,0.0011511851451068875
9269,3,0.0011511851451068875
10670,3,0.0011511851451068875
7830,3,0.0011511851451068875
727,3,0.0011511851451068875
5652,3,0.0011511851451068875
10911,3,0.0011511851451068875
8217,3,0.0011511851451068875
8235,3,0.0011511851451068875
7392,3,0.0011511851451068875
9468,3,0.0011511851451068875
1154,3,0.0011511851451068875
11647,3,0.0011511851451068875
8957,3,0.0011511851451068875
9614,3,0.0011511851451068875
9379,3,0.0011511851451068875
1669,3,0.0011511851451068875
12335,3,0.0011511851451068875
10334,3,0.0011511851451068875
9593,3,0.0011511851451068875
8424,3,0.0011511851451068875
11689,3,0.0011511851451068875
6423,3,0.0011511851451068875
8678,3,0.0011511851451068875
11906,3,0.0011511851451068875
4734,3,0.0011511851451068875
7950,3,0.0011511851451068875
8356,3,0.0011511851451068875
9033,3,0.0011511851451068875
4477,3,0.0011511851451068875
11620,3,0.0011511851451068875
5334,3,0.0011511851451068875
3715,3,0.0011511851451068875
9495,3,0.0011511851451068875
6115,3,0.0011511851451068875
11057,3,0.0011511851451068875
7709,3,0.0011511851451068875
7191,3,0.0011511851451068875
1007,3,0.0011511851451068875
6180,3,0.0011511851451068875
7940,3,0.0011511851451068875
10246,3,0.0011511851451068875
3767,3,0.0011511851451068875
1969,3,0.0011511851451068875
160,3,0.0011511851451068875
7091,3,0.0011511851451068875
11496,3,0.0011511851451068875
11713,3,0.0011511851451068875
1796,3,0.0011511851451068875
3708,3,0.0011511851451068875
5853,3,0.0011511851451068875
2987,3,0.0011511851451068875
10085,3,0.0011511851451068875
1874,3,0.0011511851451068875
7062,3,0.0011511851451068875
8390,3,0.0011511851451068875
4645,3,0.0011511851451068875
7283,3,0.0011511851451068875
8027,3,0.0011511851451068875
6670,3,0.0011511851451068875
5001,3,0.0011511851451068875
427,3,0.0011511851451068875
1305,3,0.0011511851451068875
5363,3,0.0011511851451068875
303,3,0.0011511851451068875
8432,3,0.0011511851451068875
12144,3,0.0011511851451068875
11414,3,0.0011511851451068875
3241,3,0.0011511851451068875
3330,3,0.0011511851451068875
11251,3,0.0011511851451068875
10941,3,0.0011511851451068875
10488,3,0.0011511851451068875
3434,3,0.0011511851451068875
2596,3,0.0011511851451068875
7738,3,0.0011511851451068875
3422,3,0.0011511851451068875
2117,3,0.0011511851451068875
6920,3,0.0011511851451068875
6282,3,0.0011511851451068875
7884,3,0.0011511851451068875
2540,3,0.0011511851451068875
8531,3,0.0011511851451068875
4490,3,0.0011511851451068875
4921,3,0.0011511851451068875
6756,3,0.0011511851451068875
2423,3,0.0011511851451068875
1051,3,0.0011511851451068875
11628,3,0.0011511851451068875
5005,3,0.0011511851451068875
7906,3,0.0011511851451068875
2794,3,0.0011511851451068875
5922,3,0.0011511851451068875
11081,3,0.0011511851451068875
2940,3,0.0011511851451068875
7449,3,0.0011511851451068875
10444,3,0.0011511851451068875
5728,3,0.0011511851451068875
5022,3,0.0011511851451068875
10392,3,0.0011511851451068875
11983,3,0.0011511851451068875
9818,3,0.0011511851451068875
2510,3,0.0011511851451068875
3218,3,0.0011511851451068875
10057,3,0.0011511851451068875
2543,3,0.0011511851451068875
7290,3,0.0011511851451068875
8961,3,0.0011511851451068875
8092,3,0.0011511851451068875
7783,3,0.0011511851451068875
6461,3,0.0011511851451068875
5681,3,0.0011511851451068875
7402,3,0.0011511851451068875
9869,3,0.0011511851451068875
7537,3,0.0011511851451068875
7695,3,0.0011511851451068875
1213,3,0.0011511851451068875
3134,3,0.0011511851451068875
11564,3,0.0011511851451068875
8397,3,0.0011511851451068875
11572,3,0.0011511851451068875
11163,3,0.0011511851451068875
8878,3,0.0011511851451068875
10574,3,0.0011511851451068875
5720,3,0.0011511851451068875
3968,3,0.0011511851451068875
1599,3,0.0011511851451068875
507,3,0.0011511851451068875
7813,3,0.0011511851451068875
9762,3,0.0011511851451068875
9763,3,0.0011511851451068875
6639,3,0.0011511851451068875
8720,3,0.0011511851451068875
10194,3,0.0011511851451068875
6345,3,0.0011511851451068875
404,3,0.0011511851451068875
3775,3,0.0011511851451068875
6077,3,0.0011511851451068875
7366,3,0.0011511851451068875
3098,3,0.0011511851451068875
4876,3,0.0011511851451068875
4064,3,0.0011511851451068875
8378,3,0.0011511851451068875
6206,3,0.0011511851451068875
3082,3,0.0011511851451068875
10134,3,0.0011511851451068875
8157,3,0.0011511851451068875
5058,3,0.0011511851451068875
10254,3,0.0011511851451068875
1195,3,0.0011511851451068875
2778,3,0.0011511851451068875
7892,3,0.0011511851451068875
4810,3,0.0011511851451068875
11961,3,0.0011511851451068875
8150,3,0.0011511851451068875
6164,3,0.0011511851451068875
9980,3,0.0011511851451068875
1396,3,0.0011511851451068875
7276,3,0.0011511851451068875
5201,3,0.0011511851451068875
6120,3,0.0011511851451068875
8418,3,0.0011511851451068875
6614,3,0.0011511851451068875
9122,3,0.0011511851451068875
3058,3,0.0011511851451068875
8541,3,0.0011511851451068875
1414,3,0.0011511851451068875
3335,3,0.0011511851451068875
5755,3,0.0011511851451068875
3024,3,0.0011511851451068875
648,3,0.0011511851451068875
1899,3,0.0011511851451068875
901,3,0.0011511851451068875
9031,3,0.0011511851451068875
8211,3,0.0011511851451068875
1457,3,0.0011511851451068875
8888,3,0.0011511851451068875
9220,3,0.0011511851451068875
7765,3,0.0011511851451068875
153,3,0.0011511851451068875
7371,3,0.0011511851451068875
6671,3,0.0011511851451068875
9942,3,0.0011511851451068875
11053,3,0.0011511851451068875
7836,3,0.0011511851451068875
10685,3,0.0011511851451068875
10029,3,0.0011511851451068875
3554,3,0.0011511851451068875
12314,3,0.0011511851451068875
63,3,0.0011511851451068875
4553,3,0.0011511851451068875
3354,3,0.0011511851451068875
9488,3,0.0011511851451068875
302,3,0.0011511851451068875
547,3,0.0011511851451068875
3621,3,0.0011511851451068875
182,3,0.0011511851451068875
665,3,0.0011511851451068875
6814,3,0.0011511851451068875
7226,3,0.0011511851451068875
8112,3,0.0011511851451068875
1667,3,0.0011511851451068875
9919,3,0.0011511851451068875
10470,3,0.0011511851451068875
3165,3,0.0011511851451068875
5796,3,0.0011511851451068875
7050,3,0.0011511851451068875
537,3,0.0011511851451068875
6119,3,0.0011511851451068875
5773,3,0.0011511851451068875
6659,3,0.0011511851451068875
12039,3,0.0011511851451068875
3308,3,0.0011511851451068875
12191,3,0.0011511851451068875
5545,3,0.0011511851451068875
1971,3,0.0011511851451068875
6117,3,0.0011511851451068875
7147,3,0.0011511851451068875
2741,3,0.0011511851451068875
2558,3,0.0011511851451068875
9040,3,0.0011511851451068875
4801,3,0.0011511851451068875
4768,3,0.0011511851451068875
8408,3,0.0011511851451068875
5946,3,0.0011511851451068875
3228,3,0.0011511851451068875
11648,3,0.0011511851451068875
9013,3,0.0011511851451068875
5702,3,0.0011511851451068875
6658,3,0.0011511851451068875
12551,3,0.0011511851451068875
7277,3,0.0011511851451068875
12009,3,0.0011511851451068875
10482,3,0.0011511851451068875
11492,3,0.0011511851451068875
2828,3,0.0011511851451068875
1434,3,0.0011511851451068875
10891,3,0.0011511851451068875
11633,3,0.0011511851451068875
12190,3,0.0011511851451068875
6832,3,0.0011511851451068875
4967,3,0.0011511851451068875
5678,3,0.0011511851451068875
10957,3,0.0011511851451068875
9650,3,0.0011511851451068875
10277,3,0.0011511851451068875
4135,3,0.0011511851451068875
6190,3,0.0011511851451068875
4532,3,0.0011511851451068875
1942,3,0.0011511851451068875
12562,3,0.0011511851451068875
5348,3,0.0011511851451068875
10084,3,0.0011511851451068875
5556,3,0.0011511851451068875
23,3,0.0011511851451068875
3254,3,0.0011511851451068875
9608,3,0.0011511851451068875
8260,3,0.0011511851451068875
10077,3,0.0011511851451068875
9006,3,0.0011511851451068875
7966,3,0.0011511851451068875
11575,3,0.0011511851451068875
9348,3,0.0011511851451068875
10232,3,0.0011511851451068875
3507,3,0.0011511851451068875
5531,3,0.0011511851451068875
11488,3,0.0011511851451068875
561,3,0.0011511851451068875
6429,3,0.0011511851451068875
8922,3,0.0011511851451068875
10122,3,0.0011511851451068875
2651,3,0.0011511851451068875
4070,3,0.0011511851451068875
212,3,0.0011511851451068875
4202,3,0.0011511851451068875
4668,3,0.0011511851451068875
7757,3,0.0011511851451068875
6793,3,0.0011511851451068875
7236,3,0.0011511851451068875
4788,3,0.0011511851451068875
10494,3,0.0011511851451068875
7927,3,0.0011511851451068875
207,3,0.0011511851451068875
4716,3,0.0011511851451068875
5976,3,0.0011511851451068875
6309,3,0.0011511851451068875
9475,3,0.0011511851451068875
2230,3,0.0011511851451068875
1836,3,0.0011511851451068875
8674,3,0.0011511851451068875
12055,3,0.0011511851451068875
11073,3,0.0011511851451068875
4013,3,0.0011511851451068875
642,3,0.0011511851451068875
5941,3,0.0011511851451068875
4868,3,0.0011511851451068875
12499,3,0.0011511851451068875
6815,3,0.0011511851451068875
7758,3,0.0011511851451068875
2450,3,0.0011511851451068875
140,3,0.0011511851451068875
8899,3,0.0011511851451068875
9816,3,0.0011511851451068875
717,3,0.0011511851451068875
12386,3,0.0011511851451068875
4898,3,0.0011511851451068875
2678,3,0.0011511851451068875
257,3,0.0011511851451068875
3966,3,0.0011511851451068875
1472,3,0.0011511851451068875
11204,3,0.0011511851451068875
2899,3,0.0011511851451068875
1362,3,0.0011511851451068875
10701,3,0.0011511851451068875
8139,3,0.0011511851451068875
5561,3,0.0011511851451068875
5622,3,0.0011511851451068875
1043,3,0.0011511851451068875
12187,3,0.0011511851451068875
2961,3,0.0011511851451068875
5503,3,0.0011511851451068875
340,3,0.0011511851451068875
11092,3,0.0011511851451068875
7322,3,0.0011511851451068875
5989,3,0.0011511851451068875
1222,3,0.0011511851451068875
8435,3,0.0011511851451068875
3948,3,0.0011511851451068875
557,3,0.0011511851451068875
5456,3,0.0011511851451068875
2174,3,0.0011511851451068875
3256,3,0.0011511851451068875
6617,3,0.0011511851451068875
11216,3,0.0011511851451068875
8532,3,0.0011511851451068875
4838,3,0.0011511851451068875
6890,3,0.0011511851451068875
6109,3,0.0011511851451068875
720,3,0.0011511851451068875
5821,3,0.0011511851451068875
1148,3,0.0011511851451068875
3509,3,0.0011511851451068875
9460,3,0.0011511851451068875
3015,3,0.0011511851451068875
8744,3,0.0011511851451068875
8708,3,0.0011511851451068875
516,3,0.0011511851451068875
11373,3,0.0011511851451068875
10945,3,0.0011511851451068875
5469,3,0.0011511851451068875
8054,3,0.0011511851451068875
2413,3,0.0011511851451068875
3872,3,0.0011511851451068875
10210,3,0.0011511851451068875
1889,3,0.0011511851451068875
7229,3,0.0011511851451068875
4073,3,0.0011511851451068875
5161,3,0.0011511851451068875
11113,3,0.0011511851451068875
8644,3,0.0011511851451068875
1715,3,0.0011511851451068875
10267,3,0.0011511851451068875
6029,3,0.0011511851451068875
9494,3,0.0011511851451068875
978,3,0.0011511851451068875
3287,3,0.0011511851451068875
10249,3,0.0011511851451068875
2535,3,0.0011511851451068875
545,3,0.0011511851451068875
463,3,0.0011511851451068875
10078,3,0.0011511851451068875
2693,3,0.0011511851451068875
8936,3,0.0011511851451068875
8661,3,0.0011511851451068875
253,3,0.0011511851451068875
953,3,0.0011511851451068875
2476,3,0.0011511851451068875
6437,3,0.0011511851451068875
11191,3,0.0011511851451068875
4061,3,0.0011511851451068875
945,3,0.0011511851451068875
11370,3,0.0011511851451068875
10500,3,0.0011511851451068875
77,3,0.0011511851451068875
4145,3,0.0011511851451068875
3648,3,0.0011511851451068875
6168,3,0.0011511851451068875
762,3,0.0011511851451068875
12297,3,0.0011511851451068875
5642,3,0.0011511851451068875
2563,3,0.0011511851451068875
10910,3,0.0011511851451068875
2331,3,0.0011511851451068875
9477,3,0.0011511851451068875
12372,3,0.0011511851451068875
5634,3,0.0011511851451068875
9342,3,0.0011511851451068875
9831,3,0.0011511851451068875
7571,3,0.0011511851451068875
243,3,0.0011511851451068875
8383,3,0.0011511851451068875
10583,3,0.0011511851451068875
11848,3,0.0011511851451068875
2559,3,0.0011511851451068875
8704,3,0.0011511851451068875
3127,3,0.0011511851451068875
11415,3,0.0011511851451068875
9609,3,0.0011511851451068875
8805,3,0.0011511851451068875
1336,3,0.0011511851451068875
5629,3,0.0011511851451068875
12158,3,0.0011511851451068875
511,3,0.0011511851451068875
6249,3,0.0011511851451068875
2302,3,0.0011511851451068875
5362,3,0.0011511851451068875
8819,3,0.0011511851451068875
1403,3,0.0011511851451068875
3998,3,0.0011511851451068875
476,3,0.0011511851451068875
3924,3,0.0011511851451068875
7860,3,0.0011511851451068875
2556,3,0.0011511851451068875
2975,3,0.0011511851451068875
4045,3,0.0011511851451068875
2716,3,0.0011511851451068875
1057,3,0.0011511851451068875
3748,3,0.0011511851451068875
5693,3,0.0011511851451068875
12212,2,0.0007674567634045917
8097,2,0.0007674567634045917
6427,2,0.0007674567634045917
5852,2,0.0007674567634045917
12293,2,0.0007674567634045917
2872,2,0.0007674567634045917
5464,2,0.0007674567634045917
11311,2,0.0007674567634045917
7137,2,0.0007674567634045917
10380,2,0.0007674567634045917
2391,2,0.0007674567634045917
5376,2,0.0007674567634045917
11096,2,0.0007674567634045917
5536,2,0.0007674567634045917
831,2,0.0007674567634045917
6791,2,0.0007674567634045917
6585,2,0.0007674567634045917
2629,2,0.0007674567634045917
9245,2,0.0007674567634045917
1418,2,0.0007674567634045917
12352,2,0.0007674567634045917
4417,2,0.0007674567634045917
3514,2,0.0007674567634045917
7104,2,0.0007674567634045917
4115,2,0.0007674567634045917
8783,2,0.0007674567634045917
6140,2,0.0007674567634045917
11355,2,0.0007674567634045917
4007,2,0.0007674567634045917
12302,2,0.0007674567634045917
5182,2,0.0007674567634045917
10747,2,0.0007674567634045917
7751,2,0.0007674567634045917
6170,2,0.0007674567634045917
7303,2,0.0007674567634045917
4489,2,0.0007674567634045917
2322,2,0.0007674567634045917
7136,2,0.0007674567634045917
4419,2,0.0007674567634045917
10807,2,0.0007674567634045917
12076,2,0.0007674567634045917
6997,2,0.0007674567634045917
11868,2,0.0007674567634045917
7469,2,0.0007674567634045917
11305,2,0.0007674567634045917
3649,2,0.0007674567634045917
7090,2,0.0007674567634045917
11862,2,0.0007674567634045917
7619,2,0.0007674567634045917
358,2,0.0007674567634045917
11266,2,0.0007674567634045917
7,2,0.0007674567634045917
11412,2,0.0007674567634045917
9336,2,0.0007674567634045917
3710,2,0.0007674567634045917
11447,2,0.0007674567634045917
8053,2,0.0007674567634045917
1100,2,0.0007674567634045917
3533,2,0.0007674567634045917
2910,2,0.0007674567634045917
8837,2,0.0007674567634045917
3366,2,0.0007674567634045917
2550,2,0.0007674567634045917
3350,2,0.0007674567634045917
9881,2,0.0007674567634045917
0,2,0.0007674567634045917
3915,2,0.0007674567634045917
8793,2,0.0007674567634045917
4149,2,0.0007674567634045917
3482,2,0.0007674567634045917
8907,2,0.0007674567634045917
7606,2,0.0007674567634045917
11939,2,0.0007674567634045917
10149,2,0.0007674567634045917
10172,2,0.0007674567634045917
6425,2,0.0007674567634045917
1040,2,0.0007674567634045917
12007,2,0.0007674567634045917
10677,2,0.0007674567634045917
2836,2,0.0007674567634045917
9065,2,0.0007674567634045917
6222,2,0.0007674567634045917
6852,2,0.0007674567634045917
1350,2,0.0007674567634045917
9690,2,0.0007674567634045917
8072,2,0.0007674567634045917
9256,2,0.0007674567634045917
2208,2,0.0007674567634045917
8464,2,0.0007674567634045917
161,2,0.0007674567634045917
3277,2,0.0007674567634045917
6336,2,0.0007674567634045917
11532,2,0.0007674567634045917
9893,2,0.0007674567634045917
622,2,0.0007674567634045917
11646,2,0.0007674567634045917
5820,2,0.0007674567634045917
4436,2,0.0007674567634045917
10876,2,0.0007674567634045917
2713,2,0.0007674567634045917
7198,2,0.0007674567634045917
8900,2,0.0007674567634045917
3142,2,0.0007674567634045917
11369,2,0.0007674567634045917
7503,2,0.0007674567634045917
9854,2,0.0007674567634045917
6870,2,0.0007674567634045917
552,2,0.0007674567634045917
1444,2,0.0007674567634045917
5425,2,0.0007674567634045917
2148,2,0.0007674567634045917
1208,2,0.0007674567634045917
4977,2,0.0007674567634045917
5613,2,0.0007674567634045917
11704,2,0.0007674567634045917
11992,2,0.0007674567634045917
2578,2,0.0007674567634045917
8639,2,0.0007674567634045917
10634,2,0.0007674567634045917
8627,2,0.0007674567634045917
9777,2,0.0007674567634045917
7814,2,0.0007674567634045917
321,2,0.0007674567634045917
7037,2,0.0007674567634045917
3371,2,0.0007674567634045917
5455,2,0.0007674567634045917
7328,2,0.0007674567634045917
965,2,0.0007674567634045917
10366,2,0.0007674567634045917
6679,2,0.0007674567634045917
9150,2,0.0007674567634045917
5780,2,0.0007674567634045917
1467,2,0.0007674567634045917
5577,2,0.0007674567634045917
11616,2,0.0007674567634045917
10288,2,0.0007674567634045917
11770,2,0.0007674567634045917
957,2,0.0007674567634045917
1189,2,0.0007674567634045917
10550,2,0.0007674567634045917
9452,2,0.0007674567634045917
8115,2,0.0007674567634045917
4200,2,0.0007674567634045917
9914,2,0.0007674567634045917
4291,2,0.0007674567634045917
4079,2,0.0007674567634045917
9335,2,0.0007674567634045917
5831,2,0.0007674567634045917
7442,2,0.0007674567634045917
10667,2,0.0007674567634045917
10617,2,0.0007674567634045917
9943,2,0.0007674567634045917
4250,2,0.0007674567634045917
6556,2,0.0007674567634045917
5130,2,0.0007674567634045917
7609,2,0.0007674567634045917
7378,2,0.0007674567634045917
11224,2,0.0007674567634045917
3020,2,0.0007674567634045917
1954,2,0.0007674567634045917
492,2,0.0007674567634045917
3432,2,0.0007674567634045917
2951,2,0.0007674567634045917
6452,2,0.0007674567634045917
12502,2,0.0007674567634045917
1702,2,0.0007674567634045917
11444,2,0.0007674567634045917
2546,2,0.0007674567634045917
8774,2,0.0007674567634045917
9884,2,0.0007674567634045917
5119,2,0.0007674567634045917
3530,2,0.0007674567634045917
7028,2,0.0007674567634045917
4046,2,0.0007674567634045917
347,2,0.0007674567634045917
5665,2,0.0007674567634045917
1655,2,0.0007674567634045917
10744,2,0.0007674567634045917
4468,2,0.0007674567634045917
10240,2,0.0007674567634045917
3566,2,0.0007674567634045917
11341,2,0.0007674567634045917
4068,2,0.0007674567634045917
12274,2,0.0007674567634045917
11502,2,0.0007674567634045917
8968,2,0.0007674567634045917
9198,2,0.0007674567634045917
3994,2,0.0007674567634045917
11183,2,0.0007674567634045917
5894,2,0.0007674567634045917
4481,2,0.0007674567634045917
12417,2,0.0007674567634045917
1839,2,0.0007674567634045917
1925,2,0.0007674567634045917
11926,2,0.0007674567634045917
8625,2,0.0007674567634045917
2953,2,0.0007674567634045917
8929,2,0.0007674567634045917
5657,2,0.0007674567634045917
2522,2,0.0007674567634045917
6676,2,0.0007674567634045917
11155,2,0.0007674567634045917
5144,2,0.0007674567634045917
6056,2,0.0007674567634045917
1420,2,0.0007674567634045917
2204,2,0.0007674567634045917
10708,2,0.0007674567634045917
8692,2,0.0007674567634045917
7811,2,0.0007674567634045917
1279,2,0.0007674567634045917
5671,2,0.0007674567634045917
7794,2,0.0007674567634045917
5893,2,0.0007674567634045917
98,2,0.0007674567634045917
1183,2,0.0007674567634045917
1500,2,0.0007674567634045917
2712,2,0.0007674567634045917
10562,2,0.0007674567634045917
156,2,0.0007674567634045917
4978,2,0.0007674567634045917
1210,2,0.0007674567634045917
2003,2,0.0007674567634045917
5283,2,0.0007674567634045917
1341,2,0.0007674567634045917
11731,2,0.0007674567634045917
2985,2,0.0007674567634045917
6643,2,0.0007674567634045917
3834,2,0.0007674567634045917
12115,2,0.0007674567634045917
1848,2,0.0007674567634045917
8889,2,0.0007674567634045917
4556,2,0.0007674567634045917
2706,2,0.0007674567634045917
1805,2,0.0007674567634045917
3164,2,0.0007674567634045917
6146,2,0.0007674567634045917
11826,2,0.0007674567634045917
2399,2,0.0007674567634045917
7690,2,0.0007674567634045917
224,2,0.0007674567634045917
5114,2,0.0007674567634045917
9357,2,0.0007674567634045917
7809,2,0.0007674567634045917
3300,2,0.0007674567634045917
915,2,0.0007674567634045917
12128,2,0.0007674567634045917
12022,2,0.0007674567634045917
5732,2,0.0007674567634045917
12170,2,0.0007674567634045917
5221,2,0.0007674567634045917
5955,2,0.0007674567634045917
13,2,0.0007674567634045917
6809,2,0.0007674567634045917
3019,2,0.0007674567634045917
7908,2,0.0007674567634045917
1561,2,0.0007674567634045917
7042,2,0.0007674567634045917
6551,2,0.0007674567634045917
10044,2,0.0007674567634045917
10831,2,0.0007674567634045917
10529,2,0.0007674567634045917
9306,2,0.0007674567634045917
6099,2,0.0007674567634045917
7064,2,0.0007674567634045917
8891,2,0.0007674567634045917
9939,2,0.0007674567634045917
10755,2,0.0007674567634045917
11277,2,0.0007674567634045917
11275,2,0.0007674567634045917
7620,2,0.0007674567634045917
5914,2,0.0007674567634045917
10159,2,0.0007674567634045917
1726,2,0.0007674567634045917
9906,2,0.0007674567634045917
3548,2,0.0007674567634045917
4318,2,0.0007674567634045917
7098,2,0.0007674567634045917
10923,2,0.0007674567634045917
11972,2,0.0007674567634045917
1297,2,0.0007674567634045917
3762,2,0.0007674567634045917
11818,2,0.0007674567634045917
1533,2,0.0007674567634045917
11905,2,0.0007674567634045917
2919,2,0.0007674567634045917
6492,2,0.0007674567634045917
11452,2,0.0007674567634045917
9599,2,0.0007674567634045917
7874,2,0.0007674567634045917
12084,2,0.0007674567634045917
2760,2,0.0007674567634045917
4370,2,0.0007674567634045917
10329,2,0.0007674567634045917
8123,2,0.0007674567634045917
10448,2,0.0007674567634045917
8250,2,0.0007674567634045917
5097,2,0.0007674567634045917
602,2,0.0007674567634045917
11919,2,0.0007674567634045917
3827,2,0.0007674567634045917
10171,2,0.0007674567634045917
2392,2,0.0007674567634045917
131,2,0.0007674567634045917
9300,2,0.0007674567634045917
5490,2,0.0007674567634045917
12278,2,0.0007674567634045917
2110,2,0.0007674567634045917
2011,2,0.0007674567634045917
2905,2,0.0007674567634045917
3279,2,0.0007674567634045917
12117,2,0.0007674567634045917
4986,2,0.0007674567634045917
2056,2,0.0007674567634045917
12381,2,0.0007674567634045917
9170,2,0.0007674567634045917
5257,2,0.0007674567634045917
12317,2,0.0007674567634045917
11187,2,0.0007674567634045917
4792,2,0.0007674567634045917
11478,2,0.0007674567634045917
4441,2,0.0007674567634045917
8279,2,0.0007674567634045917
4737,2,0.0007674567634045917
3902,2,0.0007674567634045917
10058,2,0.0007674567634045917
9035,2,0.0007674567634045917
1676,2,0.0007674567634045917
4918,2,0.0007674567634045917
5777,2,0.0007674567634045917
12322,2,0.0007674567634045917
4230,2,0.0007674567634045917
3878,2,0.0007674567634045917
4146,2,0.0007674567634045917
1613,2,0.0007674567634045917
979,2,0.0007674567634045917
8814,2,0.0007674567634045917
1728,2,0.0007674567634045917
6921,2,0.0007674567634045917
8830,2,0.0007674567634045917
4307,2,0.0007674567634045917
2495,2,0.0007674567634045917
2884,2,0.0007674567634045917
1535,2,0.0007674567634045917
12388,2,0.0007674567634045917
5229,2,0.0007674567634045917
11457,2,0.0007674567634045917
5730,2,0.0007674567634045917
6591,2,0.0007674567634045917
7853,2,0.0007674567634045917
10771,2,0.0007674567634045917
968,2,0.0007674567634045917
729,2,0.0007674567634045917
5434,2,0.0007674567634045917
9982,2,0.0007674567634045917
6661,2,0.0007674567634045917
9404,2,0.0007674567634045917
11821,2,0.0007674567634045917
11649,2,0.0007674567634045917
3123,2,0.0007674567634045917
6151,2,0.0007674567634045917
9579,2,0.0007674567634045917
4701,2,0.0007674567634045917
10365,2,0.0007674567634045917
11902,2,0.0007674567634045917
5413,2,0.0007674567634045917
5861,2,0.0007674567634045917
9660,2,0.0007674567634045917
5991,2,0.0007674567634045917
6026,2,0.0007674567634045917
1516,2,0.0007674567634045917
5218,2,0.0007674567634045917
2780,2,0.0007674567634045917
8836,2,0.0007674567634045917
12221,2,0.0007674567634045917
7034,2,0.0007674567634045917
4006,2,0.0007674567634045917
3938,2,0.0007674567634045917
9053,2,0.0007674567634045917
120,2,0.0007674567634045917
6682,2,0.0007674567634045917
9941,2,0.0007674567634045917
740,2,0.0007674567634045917
927,2,0.0007674567634045917
3607,2,0.0007674567634045917
7146,2,0.0007674567634045917
733,2,0.0007674567634045917
2870,2,0.0007674567634045917
4949,2,0.0007674567634045917
11816,2,0.0007674567634045917
10382,2,0.0007674567634045917
2324,2,0.0007674567634045917
6665,2,0.0007674567634045917
3821,2,0.0007674567634045917
6518,2,0.0007674567634045917
4053,2,0.0007674567634045917
11661,2,0.0007674567634045917
1699,2,0.0007674567634045917
8283,2,0.0007674567634045917
2004,2,0.0007674567634045917
11122,2,0.0007674567634045917
675,2,0.0007674567634045917
8041,2,0.0007674567634045917
9384,2,0.0007674567634045917
878,2,0.0007674567634045917
11364,2,0.0007674567634045917
4393,2,0.0007674567634045917
5498,2,0.0007674567634045917
10333,2,0.0007674567634045917
2265,2,0.0007674567634045917
6598,2,0.0007674567634045917
2883,2,0.0007674567634045917
4242,2,0.0007674567634045917
3867,2,0.0007674567634045917
973,2,0.0007674567634045917
6241,2,0.0007674567634045917
7978,2,0.0007674567634045917
1390,2,0.0007674567634045917
967,2,0.0007674567634045917
9441,2,0.0007674567634045917
9723,2,0.0007674567634045917
1368,2,0.0007674567634045917
8881,2,0.0007674567634045917
287,2,0.0007674567634045917
7707,2,0.0007674567634045917
1635,2,0.0007674567634045917
7220,2,0.0007674567634045917
3667,2,0.0007674567634045917
201,2,0.0007674567634045917
10111,2,0.0007674567634045917
434,2,0.0007674567634045917
1485,2,0.0007674567634045917
7347,2,0.0007674567634045917
4649,2,0.0007674567634045917
1788,2,0.0007674567634045917
12126,2,0.0007674567634045917
6497,2,0.0007674567634045917
12358,2,0.0007674567634045917
2721,2,0.0007674567634045917
11527,2,0.0007674567634045917
7630,2,0.0007674567634045917
6952,2,0.0007674567634045917
8135,2,0.0007674567634045917
3289,2,0.0007674567634045917
5500,2,0.0007674567634045917
3467,2,0.0007674567634045917
2523,2,0.0007674567634045917
4320,2,0.0007674567634045917
949,2,0.0007674567634045917
7964,2,0.0007674567634045917
7078,2,0.0007674567634045917
2421,2,0.0007674567634045917
12300,2,0.0007674567634045917
6712,2,0.0007674567634045917
3532,2,0.0007674567634045917
11747,2,0.0007674567634045917
4244,2,0.0007674567634045917
1523,2,0.0007674567634045917
6998,2,0.0007674567634045917
5713,2,0.0007674567634045917
8914,2,0.0007674567634045917
11506,2,0.0007674567634045917
4812,2,0.0007674567634045917
3754,2,0.0007674567634045917
8724,2,0.0007674567634045917
4437,2,0.0007674567634045917
9180,2,0.0007674567634045917
6002,2,0.0007674567634045917
11841,2,0.0007674567634045917
9787,2,0.0007674567634045917
2020,2,0.0007674567634045917
11034,2,0.0007674567634045917
11932,2,0.0007674567634045917
3284,2,0.0007674567634045917
2758,2,0.0007674567634045917
4488,2,0.0007674567634045917
8249,2,0.0007674567634045917
517,2,0.0007674567634045917
7727,2,0.0007674567634045917
9292,2,0.0007674567634045917
7548,2,0.0007674567634045917
649,2,0.0007674567634045917
7255,2,0.0007674567634045917
9163,2,0.0007674567634045917
812,2,0.0007674567634045917
7010,2,0.0007674567634045917
7834,2,0.0007674567634045917
5476,2,0.0007674567634045917
11587,2,0.0007674567634045917
10357,2,0.0007674567634045917
3817,2,0.0007674567634045917
10481,2,0.0007674567634045917
1033,2,0.0007674567634045917
1816,2,0.0007674567634045917
10842,2,0.0007674567634045917
11789,2,0.0007674567634045917
6660,2,0.0007674567634045917
9333,2,0.0007674567634045917
10903,2,0.0007674567634045917
8394,2,0.0007674567634045917
9963,2,0.0007674567634045917
10434,2,0.0007674567634045917
1921,2,0.0007674567634045917
737,2,0.0007674567634045917
9890,2,0.0007674567634045917
12197,2,0.0007674567634045917
8498,2,0.0007674567634045917
293,2,0.0007674567634045917
3026,2,0.0007674567634045917
331,2,0.0007674567634045917
11640,2,0.0007674567634045917
6395,2,0.0007674567634045917
4671,2,0.0007674567634045917
3217,2,0.0007674567634045917
2994,2,0.0007674567634045917
255,2,0.0007674567634045917
840,2,0.0007674567634045917
9895,2,0.0007674567634045917
6368,2,0.0007674567634045917
3175,2,0.0007674567634045917
1015,2,0.0007674567634045917
1948,2,0.0007674567634045917
4130,2,0.0007674567634045917
465,2,0.0007674567634045917
6885,2,0.0007674567634045917
12404,2,0.0007674567634045917
4337,2,0.0007674567634045917
11126,2,0.0007674567634045917
1955,2,0.0007674567634045917
7373,2,0.0007674567634045917
32,2,0.0007674567634045917
8682,2,0.0007674567634045917
3049,2,0.0007674567634045917
7779,2,0.0007674567634045917
12243,2,0.0007674567634045917
2357,2,0.0007674567634045917
9092,2,0.0007674567634045917
3212,2,0.0007674567634045917
3784,2,0.0007674567634045917
377,2,0.0007674567634045917
2762,2,0.0007674567634045917
6595,2,0.0007674567634045917
8192,2,0.0007674567634045917
6542,2,0.0007674567634045917
2122,2,0.0007674567634045917
10106,2,0.0007674567634045917
1300,2,0.0007674567634045917
5987,2,0.0007674567634045917
4894,2,0.0007674567634045917
3121,2,0.0007674567634045917
7109,2,0.0007674567634045917
12354,2,0.0007674567634045917
9584,2,0.0007674567634045917
11833,2,0.0007674567634045917
10301,2,0.0007674567634045917
5400,2,0.0007674567634045917
1778,2,0.0007674567634045917
10813,2,0.0007674567634045917
11436,2,0.0007674567634045917
846,2,0.0007674567634045917
1961,2,0.0007674567634045917
4656,2,0.0007674567634045917
7891,2,0.0007674567634045917
3574,2,0.0007674567634045917
10104,2,0.0007674567634045917
4383,2,0.0007674567634045917
6787,2,0.0007674567634045917
10985,2,0.0007674567634045917
5237,2,0.0007674567634045917
295,2,0.0007674567634045917
11977,2,0.0007674567634045917
8658,2,0.0007674567634045917
6352,2,0.0007674567634045917
3280,2,0.0007674567634045917
5633,2,0.0007674567634045917
4592,2,0.0007674567634045917
8273,2,0.0007674567634045917
9078,2,0.0007674567634045917
707,2,0.0007674567634045917
3454,2,0.0007674567634045917
206,2,0.0007674567634045917
10154,2,0.0007674567634045917
1628,2,0.0007674567634045917
1176,2,0.0007674567634045917
5590,2,0.0007674567634045917
9519,2,0.0007674567634045917
9712,2,0.0007674567634045917
3068,2,0.0007674567634045917
3742,2,0.0007674567634045917
196,2,0.0007674567634045917
3326,2,0.0007674567634045917
10478,2,0.0007674567634045917
9037,2,0.0007674567634045917
6822,2,0.0007674567634045917
10540,2,0.0007674567634045917
5827,2,0.0007674567634045917
2253,2,0.0007674567634045917
2671,2,0.0007674567634045917
5386,2,0.0007674567634045917
8032,2,0.0007674567634045917
10613,2,0.0007674567634045917
11630,2,0.0007674567634045917
439,2,0.0007674567634045917
1251,2,0.0007674567634045917
8012,2,0.0007674567634045917
5813,2,0.0007674567634045917
11674,2,0.0007674567634045917
9324,2,0.0007674567634045917
222,2,0.0007674567634045917
3740,2,0.0007674567634045917
6314,2,0.0007674567634045917
3524,2,0.0007674567634045917
5662,2,0.0007674567634045917
4507,2,0.0007674567634045917
9931,2,0.0007674567634045917
3231,2,0.0007674567634045917
10743,2,0.0007674567634045917
3873,2,0.0007674567634045917
2997,2,0.0007674567634045917
2915,2,0.0007674567634045917
1529,2,0.0007674567634045917
9743,2,0.0007674567634045917
9493,2,0.0007674567634045917
2966,2,0.0007674567634045917
7752,2,0.0007674567634045917
2131,2,0.0007674567634045917
4065,2,0.0007674567634045917
4321,2,0.0007674567634045917
9307,2,0.0007674567634045917
588,2,0.0007674567634045917
9276,2,0.0007674567634045917
1010,2,0.0007674567634045917
10908,2,0.0007674567634045917
1157,2,0.0007674567634045917
7603,2,0.0007674567634045917
12408,2,0.0007674567634045917
6575,2,0.0007674567634045917
3751,2,0.0007674567634045917
12548,2,0.0007674567634045917
9868,2,0.0007674567634045917
2320,2,0.0007674567634045917
7006,2,0.0007674567634045917
5871,2,0.0007674567634045917
804,2,0.0007674567634045917
2455,2,0.0007674567634045917
3887,2,0.0007674567634045917
3337,2,0.0007674567634045917
8271,2,0.0007674567634045917
10861,2,0.0007674567634045917
2571,2,0.0007674567634045917
262,2,0.0007674567634045917
5193,2,0.0007674567634045917
11093,2,0.0007674567634045917
4600,2,0.0007674567634045917
12074,2,0.0007674567634045917
5614,2,0.0007674567634045917
662,2,0.0007674567634045917
2138,2,0.0007674567634045917
8348,2,0.0007674567634045917
7871,2,0.0007674567634045917
10783,2,0.0007674567634045917
10446,2,0.0007674567634045917
1901,2,0.0007674567634045917
7407,2,0.0007674567634045917
2438,2,0.0007674567634045917
639,2,0.0007674567634045917
9548,2,0.0007674567634045917
11570,2,0.0007674567634045917
2362,2,0.0007674567634045917
5171,2,0.0007674567634045917
7969,2,0.0007674567634045917
8607,2,0.0007674567634045917
5518,2,0.0007674567634045917
12337,2,0.0007674567634045917
3683,2,0.0007674567634045917
6688,2,0.0007674567634045917
9786,2,0.0007674567634045917
1519,2,0.0007674567634045917
6925,2,0.0007674567634045917
8443,2,0.0007674567634045917
1764,2,0.0007674567634045917
2422,2,0.0007674567634045917
12510,2,0.0007674567634045917
11152,2,0.0007674567634045917
781,2,0.0007674567634045917
3268,2,0.0007674567634045917
10479,2,0.0007674567634045917
9521,2,0.0007674567634045917
807,2,0.0007674567634045917
7545,2,0.0007674567634045917
2054,2,0.0007674567634045917
8536,2,0.0007674567634045917
4865,2,0.0007674567634045917
6402,2,0.0007674567634045917
3668,2,0.0007674567634045917
12485,2,0.0007674567634045917
12201,2,0.0007674567634045917
4294,2,0.0007674567634045917
11559,2,0.0007674567634045917
1149,2,0.0007674567634045917
2846,2,0.0007674567634045917
4563,2,0.0007674567634045917
6415,2,0.0007674567634045917
5533,2,0.0007674567634045917
9907,2,0.0007674567634045917
12056,2,0.0007674567634045917
3831,2,0.0007674567634045917
6339,2,0.0007674567634045917
3876,2,0.0007674567634045917
6744,2,0.0007674567634045917
3160,2,0.0007674567634045917
9870,2,0.0007674567634045917
11192,2,0.0007674567634045917
8886,2,0.0007674567634045917
309,2,0.0007674567634045917
6535,2,0.0007674567634045917
6211,2,0.0007674567634045917
6806,2,0.0007674567634045917
10034,2,0.0007674567634045917
2147,2,0.0007674567634045917
9643,2,0.0007674567634045917
1074,2,0.0007674567634045917
5070,2,0.0007674567634045917
4598,2,0.0007674567634045917
5611,2,0.0007674567634045917
4917,2,0.0007674567634045917
9685,2,0.0007674567634045917
2417,2,0.0007674567634045917
10255,2,0.0007674567634045917
2097,2,0.0007674567634045917
7075,2,0.0007674567634045917
2176,2,0.0007674567634045917
4904,2,0.0007674567634045917
12176,2,0.0007674567634045917
6653,2,0.0007674567634045917
9283,2,0.0007674567634045917
10016,2,0.0007674567634045917
9852,2,0.0007674567634045917
1239,2,0.0007674567634045917
3316,2,0.0007674567634045917
1041,2,0.0007674567634045917
1511,2,0.0007674567634045917
11982,2,0.0007674567634045917
1647,2,0.0007674567634045917
9155,2,0.0007674567634045917
2468,2,0.0007674567634045917
5061,2,0.0007674567634045917
7268,2,0.0007674567634045917
11434,2,0.0007674567634045917
9824,2,0.0007674567634045917
9705,2,0.0007674567634045917
1020,2,0.0007674567634045917
2891,2,0.0007674567634045917
5054,2,0.0007674567634045917
9817,2,0.0007674567634045917
8024,2,0.0007674567634045917
1905,2,0.0007674567634045917
11287,2,0.0007674567634045917
6318,2,0.0007674567634045917
3039,2,0.0007674567634045917
5040,2,0.0007674567634045917
4038,2,0.0007674567634045917
8797,2,0.0007674567634045917
8768,2,0.0007674567634045917
7575,2,0.0007674567634045917
3792,2,0.0007674567634045917
3752,2,0.0007674567634045917
8009,2,0.0007674567634045917
8986,2,0.0007674567634045917
1138,2,0.0007674567634045917
4596,2,0.0007674567634045917
6538,2,0.0007674567634045917
3643,2,0.0007674567634045917
9109,2,0.0007674567634045917
6621,2,0.0007674567634045917
9950,1,0.00038372838170229587
8521,1,0.00038372838170229587
9227,1,0.00038372838170229587
8011,1,0.00038372838170229587
9449,1,0.00038372838170229587
2436,1,0.00038372838170229587
6536,1,0.00038372838170229587
5364,1,0.00038372838170229587
8501,1,0.00038372838170229587
616,1,0.00038372838170229587
12400,1,0.00038372838170229587
8601,1,0.00038372838170229587
2724,1,0.00038372838170229587
1367,1,0.00038372838170229587
9165,1,0.00038372838170229587
323,1,0.00038372838170229587
10548,1,0.00038372838170229587
424,1,0.00038372838170229587
8107,1,0.00038372838170229587
4534,1,0.00038372838170229587
10117,1,0.00038372838170229587
10971,1,0.00038372838170229587
3883,1,0.00038372838170229587
10748,1,0.00038372838170229587
2583,1,0.00038372838170229587
5736,1,0.00038372838170229587
134,1,0.00038372838170229587
6775,1,0.00038372838170229587
1134,1,0.00038372838170229587
8195,1,0.00038372838170229587
12095,1,0.00038372838170229587
2458,1,0.00038372838170229587
2942,1,0.00038372838170229587
7204,1,0.00038372838170229587
2325,1,0.00038372838170229587
4814,1,0.00038372838170229587
12184,1,0.00038372838170229587
6606,1,0.00038372838170229587
9891,1,0.00038372838170229587
730,1,0.00038372838170229587
12349,1,0.00038372838170229587
2756,1,0.00038372838170229587
5103,1,0.00038372838170229587
5300,1,0.00038372838170229587
10324,1,0.00038372838170229587
6325,1,0.00038372838170229587
68,1,0.00038372838170229587
2644,1,0.00038372838170229587
5312,1,0.00038372838170229587
5458,1,0.00038372838170229587
7362,1,0.00038372838170229587
1142,1,0.00038372838170229587
8351,1,0.00038372838170229587
10435,1,0.00038372838170229587
7936,1,0.00038372838170229587
6116,1,0.00038372838170229587
12488,1,0.00038372838170229587
8469,1,0.00038372838170229587
5860,1,0.00038372838170229587
5566,1,0.00038372838170229587
12446,1,0.00038372838170229587
11858,1,0.00038372838170229587
6875,1,0.00038372838170229587
4019,1,0.00038372838170229587
8949,1,0.00038372838170229587
3017,1,0.00038372838170229587
9557,1,0.00038372838170229587
6796,1,0.00038372838170229587
1192,1,0.00038372838170229587
7488,1,0.00038372838170229587
8403,1,0.00038372838170229587
7873,1,0.00038372838170229587
10279,1,0.00038372838170229587
8453,1,0.00038372838170229587
6869,1,0.00038372838170229587
12058,1,0.00038372838170229587
5224,1,0.00038372838170229587
9028,1,0.00038372838170229587
10211,1,0.00038372838170229587
7581,1,0.00038372838170229587
11486,1,0.00038372838170229587
2120,1,0.00038372838170229587
6886,1,0.00038372838170229587
1762,1,0.00038372838170229587
6369,1,0.00038372838170229587
10086,1,0.00038372838170229587
2589,1,0.00038372838170229587
802,1,0.00038372838170229587
5239,1,0.00038372838170229587
3344,1,0.00038372838170229587
4376,1,0.00038372838170229587
8473,1,0.00038372838170229587
11507,1,0.00038372838170229587
1888,1,0.00038372838170229587
4542,1,0.00038372838170229587
3770,1,0.00038372838170229587
10052,1,0.00038372838170229587
1298,1,0.00038372838170229587
8295,1,0.00038372838170229587
11571,1,0.00038372838170229587
2433,1,0.00038372838170229587
5389,1,0.00038372838170229587
8342,1,0.00038372838170229587
12506,1,0.00038372838170229587
9388,1,0.00038372838170229587
4260,1,0.00038372838170229587
771,1,0.00038372838170229587
1632,1,0.00038372838170229587
10495,1,0.00038372838170229587
10247,1,0.00038372838170229587
6675,1,0.00038372838170229587
8842,1,0.00038372838170229587
527,1,0.00038372838170229587
7223,1,0.00038372838170229587
240,1,0.00038372838170229587
10631,1,0.00038372838170229587
3090,1,0.00038372838170229587
2598,1,0.00038372838170229587
2904,1,0.00038372838170229587
7599,1,0.00038372838170229587
9755,1,0.00038372838170229587
3559,1,0.00038372838170229587
637,1,0.00038372838170229587
8606,1,0.00038372838170229587
2160,1,0.00038372838170229587
4946,1,0.00038372838170229587
11574,1,0.00038372838170229587
2711,1,0.00038372838170229587
2867,1,0.00038372838170229587
299,1,0.00038372838170229587
7894,1,0.00038372838170229587
7132,1,0.00038372838170229587
6950,1,0.00038372838170229587
690,1,0.00038372838170229587
12469,1,0.00038372838170229587
2590,1,0.00038372838170229587
6904,1,0.00038372838170229587
7680,1,0.00038372838170229587
1130,1,0.00038372838170229587
6889,1,0.00038372838170229587
6330,1,0.00038372838170229587
772,1,0.00038372838170229587
6878,1,0.00038372838170229587
7627,1,0.00038372838170229587
3479,1,0.00038372838170229587
12214,1,0.00038372838170229587
12411,1,0.00038372838170229587
225,1,0.00038372838170229587
12509,1,0.00038372838170229587
572,1,0.00038372838170229587
2044,1,0.00038372838170229587
11362,1,0.00038372838170229587
8302,1,0.00038372838170229587
1290,1,0.00038372838170229587
7256,1,0.00038372838170229587
11729,1,0.00038372838170229587
9592,1,0.00038372838170229587
7035,1,0.00038372838170229587
1791,1,0.00038372838170229587
3381,1,0.00038372838170229587
9603,1,0.00038372838170229587
10129,1,0.00038372838170229587
10225,1,0.00038372838170229587
3541,1,0.00038372838170229587
6192,1,0.00038372838170229587
3826,1,0.00038372838170229587
3847,1,0.00038372838170229587
8003,1,0.00038372838170229587
11141,1,0.00038372838170229587
2091,1,0.00038372838170229587
10575,1,0.00038372838170229587
11599,1,0.00038372838170229587
4341,1,0.00038372838170229587
3203,1,0.00038372838170229587
2648,1,0.00038372838170229587
11226,1,0.00038372838170229587
3012,1,0.00038372838170229587
11851,1,0.00038372838170229587
5603,1,0.00038372838170229587
9962,1,0.00038372838170229587
713,1,0.00038372838170229587
9289,1,0.00038372838170229587
10860,1,0.00038372838170229587
6482,1,0.00038372838170229587
10352,1,0.00038372838170229587
9927,1,0.00038372838170229587
2334,1,0.00038372838170229587
6753,1,0.00038372838170229587
4854,1,0.00038372838170229587
10790,1,0.00038372838170229587
10198,1,0.00038372838170229587
3380,1,0.00038372838170229587
6275,1,0.00038372838170229587
765,1,0.00038372838170229587
11817,1,0.00038372838170229587
6498,1,0.00038372838170229587
5948,1,0.00038372838170229587
6884,1,0.00038372838170229587
11916,1,0.00038372838170229587
4575,1,0.00038372838170229587
2957,1,0.00038372838170229587
8411,1,0.00038372838170229587
7806,1,0.00038372838170229587
11349,1,0.00038372838170229587
8025,1,0.00038372838170229587
3512,1,0.00038372838170229587
3303,1,0.00038372838170229587
1012,1,0.00038372838170229587
12015,1,0.00038372838170229587
12023,1,0.00038372838170229587
2735,1,0.00038372838170229587
5465,1,0.00038372838170229587
6624,1,0.00038372838170229587
461,1,0.00038372838170229587
2710,1,0.00038372838170229587
10405,1,0.00038372838170229587
9175,1,0.00038372838170229587
3843,1,0.00038372838170229587
8460,1,0.00038372838170229587
10360,1,0.00038372838170229587
2729,1,0.00038372838170229587
5534,1,0.00038372838170229587
8484,1,0.00038372838170229587
9056,1,0.00038372838170229587
3471,1,0.00038372838170229587
6993,1,0.00038372838170229587
10746,1,0.00038372838170229587
5276,1,0.00038372838170229587
3152,1,0.00038372838170229587
8947,1,0.00038372838170229587
7039,1,0.00038372838170229587
3428,1,0.00038372838170229587
3954,1,0.00038372838170229587
2637,1,0.00038372838170229587
10094,1,0.00038372838170229587
9622,1,0.00038372838170229587
9798,1,0.00038372838170229587
603,1,0.00038372838170229587
784,1,0.00038372838170229587
8210,1,0.00038372838170229587
10304,1,0.00038372838170229587
7715,1,0.00038372838170229587
5973,1,0.00038372838170229587
5253,1,0.00038372838170229587
8862,1,0.00038372838170229587
8587,1,0.00038372838170229587
4421,1,0.00038372838170229587
1067,1,0.00038372838170229587
10338,1,0.00038372838170229587
3281,1,0.00038372838170229587
246,1,0.00038372838170229587
9106,1,0.00038372838170229587
4803,1,0.00038372838170229587
12467,1,0.00038372838170229587
3052,1,0.00038372838170229587
4910,1,0.00038372838170229587
2973,1,0.00038372838170229587
7644,1,0.00038372838170229587
4180,1,0.00038372838170229587
9765,1,0.00038372838170229587
6139,1,0.00038372838170229587
438,1,0.00038372838170229587
11525,1,0.00038372838170229587
8244,1,0.00038372838170229587
10136,1,0.00038372838170229587
341,1,0.00038372838170229587
11533,1,0.00038372838170229587
2288,1,0.00038372838170229587
4469,1,0.00038372838170229587
429,1,0.00038372838170229587
2534,1,0.00038372838170229587
10080,1,0.00038372838170229587
2051,1,0.00038372838170229587
7450,1,0.00038372838170229587
12051,1,0.00038372838170229587
4455,1,0.00038372838170229587
1585,1,0.00038372838170229587
6202,1,0.00038372838170229587
7000,1,0.00038372838170229587
7108,1,0.00038372838170229587
655,1,0.00038372838170229587
1400,1,0.00038372838170229587
1492,1,0.00038372838170229587
5615,1,0.00038372838170229587
8138,1,0.00038372838170229587
1913,1,0.00038372838170229587
9678,1,0.00038372838170229587
10533,1,0.00038372838170229587
6933,1,0.00038372838170229587
6376,1,0.00038372838170229587
8306,1,0.00038372838170229587
2528,1,0.00038372838170229587
5431,1,0.00038372838170229587
2916,1,0.00038372838170229587
4997,1,0.00038372838170229587
920,1,0.00038372838170229587
6706,1,0.00038372838170229587
7822,1,0.00038372838170229587
6138,1,0.00038372838170229587
4541,1,0.00038372838170229587
10302,1,0.00038372838170229587
6703,1,0.00038372838170229587
4277,1,0.00038372838170229587
8988,1,0.00038372838170229587
2420,1,0.00038372838170229587
5649,1,0.00038372838170229587
2842,1,0.00038372838170229587
9156,1,0.00038372838170229587
4346,1,0.00038372838170229587
8117,1,0.00038372838170229587
2308,1,0.00038372838170229587
6915,1,0.00038372838170229587
10331,1,0.00038372838170229587
1914,1,0.00038372838170229587
10654,1,0.00038372838170229587
11720,1,0.00038372838170229587
11638,1,0.00038372838170229587
4934,1,0.00038372838170229587
12272,1,0.00038372838170229587
11456,1,0.00038372838170229587
4125,1,0.00038372838170229587
6543,1,0.00038372838170229587
1642,1,0.00038372838170229587
3262,1,0.00038372838170229587
12075,1,0.00038372838170229587
7399,1,0.00038372838170229587
5651,1,0.00038372838170229587
391,1,0.00038372838170229587
310,1,0.00038372838170229587
125,1,0.00038372838170229587
4396,1,0.00038372838170229587
5812,1,0.00038372838170229587
6776,1,0.00038372838170229587
11083,1,0.00038372838170229587
7736,1,0.00038372838170229587
2416,1,0.00038372838170229587
12049,1,0.00038372838170229587
8333,1,0.00038372838170229587
2228,1,0.00038372838170229587
2750,1,0.00038372838170229587
9698,1,0.00038372838170229587
1596,1,0.00038372838170229587
8154,1,0.00038372838170229587
6865,1,0.00038372838170229587
11582,1,0.00038372838170229587
696,1,0.00038372838170229587
4010,1,0.00038372838170229587
1160,1,0.00038372838170229587
435,1,0.00038372838170229587
3456,1,0.00038372838170229587
7886,1,0.00038372838170229587
10406,1,0.00038372838170229587
9051,1,0.00038372838170229587
2472,1,0.00038372838170229587
10963,1,0.00038372838170229587
8312,1,0.00038372838170229587
6441,1,0.00038372838170229587
562,1,0.00038372838170229587
721,1,0.00038372838170229587
5244,1,0.00038372838170229587
4096,1,0.00038372838170229587
8305,1,0.00038372838170229587
1117,1,0.00038372838170229587
5744,1,0.00038372838170229587
9308,1,0.00038372838170229587
8924,1,0.00038372838170229587
10099,1,0.00038372838170229587
5173,1,0.00038372838170229587
9645,1,0.00038372838170229587
10935,1,0.00038372838170229587
1376,1,0.00038372838170229587
10431,1,0.00038372838170229587
12296,1,0.00038372838170229587
2511,1,0.00038372838170229587
2568,1,0.00038372838170229587
12094,1,0.00038372838170229587
1461,1,0.00038372838170229587
4861,1,0.00038372838170229587
7560,1,0.00038372838170229587
9515,1,0.00038372838170229587
4923,1,0.00038372838170229587
10928,1,0.00038372838170229587
8747,1,0.00038372838170229587
7026,1,0.00038372838170229587
4519,1,0.00038372838170229587
4425,1,0.00038372838170229587
8399,1,0.00038372838170229587
12042,1,0.00038372838170229587
6633,1,0.00038372838170229587
11063,1,0.00038372838170229587
318,1,0.00038372838170229587
10105,1,0.00038372838170229587
12246,1,0.00038372838170229587
11740,1,0.00038372838170229587
7829,1,0.00038372838170229587
3319,1,0.00038372838170229587
6774,1,0.00038372838170229587
7665,1,0.00038372838170229587
179,1,0.00038372838170229587
12514,1,0.00038372838170229587
2339,1,0.00038372838170229587
12309,1,0.00038372838170229587
7808,1,0.00038372838170229587
8544,1,0.00038372838170229587
12442,1,0.00038372838170229587
10816,1,0.00038372838170229587
6218,1,0.00038372838170229587
5047,1,0.00038372838170229587
1494,1,0.00038372838170229587
12283,1,0.00038372838170229587
6914,1,0.00038372838170229587
4368,1,0.00038372838170229587
10932,1,0.00038372838170229587
7363,1,0.00038372838170229587
5786,1,0.00038372838170229587
3169,1,0.00038372838170229587
11389,1,0.00038372838170229587
1274,1,0.00038372838170229587
8718,1,0.00038372838170229587
6044,1,0.00038372838170229587
10097,1,0.00038372838170229587
9626,1,0.00038372838170229587
3771,1,0.00038372838170229587
6258,1,0.00038372838170229587
9055,1,0.00038372838170229587
1281,1,0.00038372838170229587
9098,1,0.00038372838170229587
3958,1,0.00038372838170229587
4216,1,0.00038372838170229587
8558,1,0.00038372838170229587
9554,1,0.00038372838170229587
8841,1,0.00038372838170229587
5592,1,0.00038372838170229587
189,1,0.00038372838170229587
1826,1,0.00038372838170229587
505,1,0.00038372838170229587
12088,1,0.00038372838170229587
5369,1,0.00038372838170229587
586,1,0.00038372838170229587
6652,1,0.00038372838170229587
7825,1,0.00038372838170229587
3893,1,0.00038372838170229587
11197,1,0.00038372838170229587
6566,1,0.00038372838170229587
5873,1,0.00038372838170229587
12351,1,0.00038372838170229587
10,1,0.00038372838170229587
10641,1,0.00038372838170229587
6095,1,0.00038372838170229587
5753,1,0.00038372838170229587
3310,1,0.00038372838170229587
2833,1,0.00038372838170229587
5776,1,0.00038372838170229587
10312,1,0.00038372838170229587
10269,1,0.00038372838170229587
7662,1,0.00038372838170229587
3510,1,0.00038372838170229587
8161,1,0.00038372838170229587
5379,1,0.00038372838170229587
8651,1,0.00038372838170229587
1505,1,0.00038372838170229587
1314,1,0.00038372838170229587
10568,1,0.00038372838170229587
3583,1,0.00038372838170229587
2235,1,0.00038372838170229587
7610,1,0.00038372838170229587
11306,1,0.00038372838170229587
10409,1,0.00038372838170229587
5157,1,0.00038372838170229587
11465,1,0.00038372838170229587
8155,1,0.00038372838170229587
3901,1,0.00038372838170229587
40,1,0.00038372838170229587
1069,1,0.00038372838170229587
4940,1,0.00038372838170229587
332,1,0.00038372838170229587
3156,1,0.00038372838170229587
1631,1,0.00038372838170229587
9517,1,0.00038372838170229587
8895,1,0.00038372838170229587
2703,1,0.00038372838170229587
12206,1,0.00038372838170229587
1847,1,0.00038372838170229587
8962,1,0.00038372838170229587
7945,1,0.00038372838170229587
10518,1,0.00038372838170229587
11043,1,0.00038372838170229587
7681,1,0.00038372838170229587
10193,1,0.00038372838170229587
5060,1,0.00038372838170229587
3497,1,0.00038372838170229587
2482,1,0.00038372838170229587
8657,1,0.00038372838170229587
3561,1,0.00038372838170229587
7512,1,0.00038372838170229587
1217,1,0.00038372838170229587
8750,1,0.00038372838170229587
6642,1,0.00038372838170229587
1278,1,0.00038372838170229587
1017,1,0.00038372838170229587
7151,1,0.00038372838170229587
11885,1,0.00038372838170229587
2449,1,0.00038372838170229587
2501,1,0.00038372838170229587
7706,1,0.00038372838170229587
7313,1,0.00038372838170229587
4666,1,0.00038372838170229587
11176,1,0.00038372838170229587
36,1,0.00038372838170229587
12204,1,0.00038372838170229587
11036,1,0.00038372838170229587
3694,1,0.00038372838170229587
2358,1,0.00038372838170229587
3655,1,0.00038372838170229587
9311,1,0.00038372838170229587
6321,1,0.00038372838170229587
12,1,0.00038372838170229587
3929,1,0.00038372838170229587
6012,1,0.00038372838170229587
11443,1,0.00038372838170229587
1177,1,0.00038372838170229587
1987,1,0.00038372838170229587
10180,1,0.00038372838170229587
4762,1,0.00038372838170229587
11177,1,0.00038372838170229587
7725,1,0.00038372838170229587
731,1,0.00038372838170229587
6252,1,0.00038372838170229587
11484,1,0.00038372838170229587
5849,1,0.00038372838170229587
499,1,0.00038372838170229587
1680,1,0.00038372838170229587
12238,1,0.00038372838170229587
5626,1,0.00038372838170229587
3840,1,0.00038372838170229587
8717,1,0.00038372838170229587
8366,1,0.00038372838170229587
2732,1,0.00038372838170229587
8070,1,0.00038372838170229587
9020,1,0.00038372838170229587
5291,1,0.00038372838170229587
8169,1,0.00038372838170229587
4154,1,0.00038372838170229587
10039,1,0.00038372838170229587
5409,1,0.00038372838170229587
8309,1,0.00038372838170229587
2212,1,0.00038372838170229587
1950,1,0.00038372838170229587
2283,1,0.00038372838170229587
3730,1,0.00038372838170229587
5514,1,0.00038372838170229587
11925,1,0.00038372838170229587
9978,1,0.00038372838170229587
10260,1,0.00038372838170229587
940,1,0.00038372838170229587
4771,1,0.00038372838170229587
11049,1,0.00038372838170229587
9436,1,0.00038372838170229587
6069,1,0.00038372838170229587
3353,1,0.00038372838170229587
8619,1,0.00038372838170229587
4188,1,0.00038372838170229587
3128,1,0.00038372838170229587
2439,1,0.00038372838170229587
12050,1,0.00038372838170229587
1544,1,0.00038372838170229587
3646,1,0.00038372838170229587
10215,1,0.00038372838170229587
2246,1,0.00038372838170229587
1660,1,0.00038372838170229587
7754,1,0.00038372838170229587
2738,1,0.00038372838170229587
2619,1,0.00038372838170229587
12419,1,0.00038372838170229587
4664,1,0.00038372838170229587
366,1,0.00038372838170229587
1442,1,0.00038372838170229587
3235,1,0.00038372838170229587
3461,1,0.00038372838170229587
8817,1,0.00038372838170229587
9934,1,0.00038372838170229587
9829,1,0.00038372838170229587
11194,1,0.00038372838170229587
218,1,0.00038372838170229587
2805,1,0.00038372838170229587
9666,1,0.00038372838170229587
2886,1,0.00038372838170229587
3079,1,0.00038372838170229587
11879,1,0.00038372838170229587
3844,1,0.00038372838170229587
4619,1,0.00038372838170229587
4965,1,0.00038372838170229587
8637,1,0.00038372838170229587
728,1,0.00038372838170229587
4454,1,0.00038372838170229587
12254,1,0.00038372838170229587
6476,1,0.00038372838170229587
8170,1,0.00038372838170229587
6672,1,0.00038372838170229587
96,1,0.00038372838170229587
7604,1,0.00038372838170229587
4947,1,0.00038372838170229587
5992,1,0.00038372838170229587
6597,1,0.00038372838170229587
5697,1,0.00038372838170229587
8766,1,0.00038372838170229587
5537,1,0.00038372838170229587
12520,1,0.00038372838170229587
2442,1,0.00038372838170229587
9370,1,0.00038372838170229587
4128,1,0.00038372838170229587
2266,1,0.00038372838170229587
5459,1,0.00038372838170229587
6694,1,0.00038372838170229587
9808,1,0.00038372838170229587
8201,1,0.00038372838170229587
803,1,0.00038372838170229587
3487,1,0.00038372838170229587
9703,1,0.00038372838170229587
5445,1,0.00038372838170229587
3719,1,0.00038372838170229587
4966,1,0.00038372838170229587
2100,1,0.00038372838170229587
2976,1,0.00038372838170229587
4829,1,0.00038372838170229587
8713,1,0.00038372838170229587
10959,1,0.00038372838170229587
12137,1,0.00038372838170229587
5367,1,0.00038372838170229587
6315,1,0.00038372838170229587
2378,1,0.00038372838170229587
10754,1,0.00038372838170229587
2146,1,0.00038372838170229587
10802,1,0.00038372838170229587
2601,1,0.00038372838170229587
554,1,0.00038372838170229587
7673,1,0.00038372838170229587
3856,1,0.00038372838170229587
3536,1,0.00038372838170229587
11888,1,0.00038372838170229587
3182,1,0.00038372838170229587
5650,1,0.00038372838170229587
7691,1,0.00038372838170229587
11563,1,0.00038372838170229587
2945,1,0.00038372838170229587
7293,1,0.00038372838170229587
9433,1,0.00038372838170229587
2157,1,0.00038372838170229587
1850,1,0.00038372838170229587
1983,1,0.00038372838170229587
8371,1,0.00038372838170229587
1659,1,0.00038372838170229587
6414,1,0.00038372838170229587
11802,1,0.00038372838170229587
7985,1,0.00038372838170229587
8071,1,0.00038372838170229587
7634,1,0.00038372838170229587
4961,1,0.00038372838170229587
4847,1,0.00038372838170229587
11308,1,0.00038372838170229587
4246,1,0.00038372838170229587
2675,1,0.00038372838170229587
4641,1,0.00038372838170229587
3724,1,0.00038372838170229587
8911,1,0.00038372838170229587
7232,1,0.00038372838170229587
8177,1,0.00038372838170229587
808,1,0.00038372838170229587
10394,1,0.00038372838170229587
5749,1,0.00038372838170229587
5163,1,0.00038372838170229587
184,1,0.00038372838170229587
6234,1,0.00038372838170229587
1908,1,0.00038372838170229587
5396,1,0.00038372838170229587
2206,1,0.00038372838170229587
5789,1,0.00038372838170229587
6948,1,0.00038372838170229587
4817,1,0.00038372838170229587
1167,1,0.00038372838170229587
6221,1,0.00038372838170229587
11398,1,0.00038372838170229587
1161,1,0.00038372838170229587
8882,1,0.00038372838170229587
9532,1,0.00038372838170229587
12000,1,0.00038372838170229587
3083,1,0.00038372838170229587
11810,1,0.00038372838170229587
5858,1,0.00038372838170229587
8620,1,0.00038372838170229587
3195,1,0.00038372838170229587
10995,1,0.00038372838170229587
3101,1,0.00038372838170229587
2837,1,0.00038372838170229587
4020,1,0.00038372838170229587
6281,1,0.00038372838170229587
6731,1,0.00038372838170229587
8520,1,0.00038372838170229587
3540,1,0.00038372838170229587
11924,1,0.00038372838170229587
9913,1,0.00038372838170229587
2210,1,0.00038372838170229587
4724,1,0.00038372838170229587
10934,1,0.00038372838170229587
1625,1,0.00038372838170229587
8147,1,0.00038372838170229587
2460,1,0.00038372838170229587
11217,1,0.00038372838170229587
9851,1,0.00038372838170229587
2268,1,0.00038372838170229587
42,1,0.00038372838170229587
5546,1,0.00038372838170229587
10042,1,0.00038372838170229587
2461,1,0.00038372838170229587
7242,1,0.00038372838170229587
7941,1,0.00038372838170229587
6483,1,0.00038372838170229587
9823,1,0.00038372838170229587
5094,1,0.00038372838170229587
6370,1,0.00038372838170229587
9512,1,0.00038372838170229587
11336,1,0.00038372838170229587
12149,1,0.00038372838170229587
5864,1,0.00038372838170229587
969,1,0.00038372838170229587
6487,1,0.00038372838170229587
4914,1,0.00038372838170229587
6442,1,0.00038372838170229587
741,1,0.00038372838170229587
895,1,0.00038372838170229587
1246,1,0.00038372838170229587
11399,1,0.00038372838170229587
2427,1,0.00038372838170229587
4973,1,0.00038372838170229587
4429,1,0.00038372838170229587
1760,1,0.00038372838170229587
2697,1,0.00038372838170229587
7130,1,0.00038372838170229587
2620,1,0.00038372838170229587
3599,1,0.00038372838170229587
5763,1,0.00038372838170229587
7125,1,0.00038372838170229587
8220,1,0.00038372838170229587
8517,1,0.00038372838170229587
4759,1,0.00038372838170229587
11538,1,0.00038372838170229587
2967,1,0.00038372838170229587
5543,1,0.00038372838170229587
12402,1,0.00038372838170229587
8539,1,0.00038372838170229587
3556,1,0.00038372838170229587
8419,1,0.00038372838170229587
175,1,0.00038372838170229587
6550,1,0.00038372838170229587
7245,1,0.00038372838170229587
1363,1,0.00038372838170229587
9364,1,0.00038372838170229587
8670,1,0.00038372838170229587
9010,1,0.00038372838170229587
2137,1,0.00038372838170229587
2379,1,0.00038372838170229587
7002,1,0.00038372838170229587
8518,1,0.00038372838170229587
3031,1,0.00038372838170229587
11877,1,0.00038372838170229587
11461,1,0.00038372838170229587
6196,1,0.00038372838170229587
2326,1,0.00038372838170229587
963,1,0.00038372838170229587
11650,1,0.00038372838170229587
7178,1,0.00038372838170229587
1930,1,0.00038372838170229587
8051,1,0.00038372838170229587
9784,1,0.00038372838170229587
12453,1,0.00038372838170229587
1570,1,0.00038372838170229587
3884,1,0.00038372838170229587
7499,1,0.00038372838170229587
11804,1,0.00038372838170229587
9565,1,0.00038372838170229587
1342,1,0.00038372838170229587
12346,1,0.00038372838170229587
10449,1,0.00038372838170229587
3820,1,0.00038372838170229587
8575,1,0.00038372838170229587
4951,1,0.00038372838170229587
5225,1,0.00038372838170229587
4972,1,0.00038372838170229587
81,1,0.00038372838170229587
5303,1,0.00038372838170229587
6784,1,0.00038372838170229587
8145,1,0.00038372838170229587
12068,1,0.00038372838170229587
2736,1,0.00038372838170229587
7468,1,0.00038372838170229587
7976,1,0.00038372838170229587
6434,1,0.00038372838170229587
2888,1,0.00038372838170229587
5979,1,0.00038372838170229587
5630,1,0.00038372838170229587
9932,1,0.00038372838170229587
4901,1,0.00038372838170229587
7475,1,0.00038372838170229587
7158,1,0.00038372838170229587
6100,1,0.00038372838170229587
5648,1,0.00038372838170229587
1740,1,0.00038372838170229587
11566,1,0.00038372838170229587
7473,1,0.00038372838170229587
9120,1,0.00038372838170229587
6858,1,0.00038372838170229587
8120,1,0.00038372838170229587
10516,1,0.00038372838170229587
2939,1,0.00038372838170229587
369,1,0.00038372838170229587
11110,1,0.00038372838170229587
8591,1,0.00038372838170229587
4397,1,0.00038372838170229587
1974,1,0.00038372838170229587
6303,1,0.00038372838170229587
4358,1,0.00038372838170229587
8714,1,0.00038372838170229587
9445,1,0.00038372838170229587
1054,1,0.00038372838170229587
2424,1,0.00038372838170229587
3545,1,0.00038372838170229587
5761,1,0.00038372838170229587
6818,1,0.00038372838170229587
8516,1,0.00038372838170229587
2429,1,0.00038372838170229587
12025,1,0.00038372838170229587
12048,1,0.00038372838170229587
2401,1,0.00038372838170229587
12072,1,0.00038372838170229587
1063,1,0.00038372838170229587
7699,1,0.00038372838170229587
7702,1,0.00038372838170229587
1797,1,0.00038372838170229587
5496,1,0.00038372838170229587
726,1,0.00038372838170229587
4478,1,0.00038372838170229587
11429,1,0.00038372838170229587
2640,1,0.00038372838170229587
9432,1,0.00038372838170229587
9176,1,0.00038372838170229587
4178,1,0.00038372838170229587
10700,1,0.00038372838170229587
6013,1,0.00038372838170229587
8761,1,0.00038372838170229587
12241,1,0.00038372838170229587
9408,1,0.00038372838170229587
6899,1,0.00038372838170229587
11806,1,0.00038372838170229587
8372,1,0.00038372838170229587
1775,1,0.00038372838170229587
9007,1,0.00038372838170229587
6967,1,0.00038372838170229587
3745,1,0.00038372838170229587
2389,1,0.00038372838170229587
6588,1,0.00038372838170229587
11454,1,0.00038372838170229587
1801,1,0.00038372838170229587
4680,1,0.00038372838170229587
5660,1,0.00038372838170229587
7986,1,0.00038372838170229587
2645,1,0.00038372838170229587
5810,1,0.00038372838170229587
4413,1,0.00038372838170229587
2316,1,0.00038372838170229587
5895,1,0.00038372838170229587
1343,1,0.00038372838170229587
8569,1,0.00038372838170229587
11778,1,0.00038372838170229587
10467,1,0.00038372838170229587
7998,1,0.00038372838170229587
7926,1,0.00038372838170229587
7043,1,0.00038372838170229587
594,1,0.00038372838170229587
1137,1,0.00038372838170229587
4527,1,0.00038372838170229587
5073,1,0.00038372838170229587
2892,1,0.00038372838170229587
4292,1,0.00038372838170229587
2352,1,0.00038372838170229587
7259,1,0.00038372838170229587
5596,1,0.00038372838170229587
10757,1,0.00038372838170229587
12044,1,0.00038372838170229587
2990,1,0.00038372838170229587
2188,1,0.00038372838170229587
6382,1,0.00038372838170229587
8635,1,0.00038372838170229587
12567,1,0.00038372838170229587
5102,1,0.00038372838170229587
10951,1,0.00038372838170229587
6873,1,0.00038372838170229587
6179,1,0.00038372838170229587
12118,1,0.00038372838170229587
1014,1,0.00038372838170229587
5529,1,0.00038372838170229587
5557,1,0.00038372838170229587
6846,1,0.00038372838170229587
2242,1,0.00038372838170229587
5347,1,0.00038372838170229587
11881,1,0.00038372838170229587
2564,1,0.00038372838170229587
12245,1,0.00038372838170229587
3204,1,0.00038372838170229587
1449,1,0.00038372838170229587
4796,1,0.00038372838170229587
5028,1,0.00038372838170229587
12037,1,0.00038372838170229587
695,1,0.00038372838170229587
8204,1,0.00038372838170229587
9352,1,0.00038372838170229587
6111,1,0.00038372838170229587
4710,1,0.00038372838170229587
12519,1,0.00038372838170229587
10791,1,0.00038372838170229587
7639,1,0.00038372838170229587
2882,1,0.00038372838170229587
7804,1,0.00038372838170229587
10676,1,0.00038372838170229587
805,1,0.00038372838170229587
10348,1,0.00038372838170229587
10163,1,0.00038372838170229587
3557,1,0.00038372838170229587
9049,1,0.00038372838170229587
10131,1,0.00038372838170229587
2683,1,0.00038372838170229587
9994,1,0.00038372838170229587
10020,1,0.00038372838170229587
3197,1,0.00038372838170229587
8480,1,0.00038372838170229587
6622,1,0.00038372838170229587
2366,1,0.00038372838170229587
7155,1,0.00038372838170229587
10733,1,0.00038372838170229587
97,1,0.00038372838170229587
3085,1,0.00038372838170229587
